description,space,price,bedrooms,agent,price_inc,address,interior,zip_code
,,,,,,,,
,"100 m²,100 m²","€ 1.700,-,€ 1.700,-",2,,Price inclusive: Exclusive,,Furnished,1017 AX Amsterdam (Noord-Holland)
,"100 m²,100 m²","€ 1.350,-,€ 1.350,-",1,,,,Furnished,1081 JW Amsterdam (Noord-Holland)
,"60 m²,60 m²","€ 1.600,-,€ 1.600,-",1,,Price inclusive: Exclusive,,Furnished,1012 AE Amsterdam (Noord-Holland)
,"100 m²,100 m²","€ 1.700,-,€ 1.700,-",2,,Price inclusive: Exclusive,,Furnished,1017 AX Amsterdam (Noord-Holland)
,"60 m²,60 m²","€ 1.600,-,€ 1.600,-",1,,Price inclusive: Exclusive,,Furnished,1012 AE Amsterdam (Noord-Holland)
,"100 m²,100 m²","€ 1.350,-,€ 1.350,-",1,,,,Furnished,1081 JW Amsterdam (Noord-Holland)
,"130 m²,130 m²","€ 1.900,-,€ 1.900,-",3,,Garden,,Unfurnished,1098 HA Amsterdam (Noord-Holland)
,,,,,,,,
,"130 m²,130 m²","€ 1.900,-,€ 1.900,-",3,,Garden,,Unfurnished,1098 HA Amsterdam (Noord-Holland)
,,,,,,,,
,,,,,,,,
,,,,,,,,
,,,,,,,,
,,,,,,,,
,,,,,,,,
,"60 m²,60 m²","€ 725,-,€ 725,-",1,,Quality of public transportation: Good,,Unfurnished,6651 BH Druten (Gelderland)
,,,,,,,,
,"60 m²,60 m²","€ 1.600,-,€ 1.600,-",1,,Price inclusive: Exclusive,,Furnished,1012 AE Amsterdam (Noord-Holland)
,"100 m²,100 m²","€ 1.350,-,€ 1.350,-",1,,,,Furnished,1081 JW Amsterdam (Noord-Holland)
,"30 m²,30 m²","€ 435,-,€ 435,-",1,,,,Unfurnished,8261 ES Kampen (Overijssel)
,"100 m²,100 m²","€ 1.700,-,€ 1.700,-",2,,Precio incluido: Exclusivo,,Amueblado,1017 AX Amsterdam (Noord-Holland)
,"130 m²,130 m²","€ 1.900,-,€ 1.900,-",3,,Garden,,Unfurnished,1098 HA Amsterdam (Noord-Holland)
,"60 m²,60 m²","€ 1.600,-,€ 1.600,-",1,,Prezzo inclusivo: Esclusiva,,Ammobiliato,1012 AE Amsterdam (Noord-Holland)
,"60 m²,60 m²","€ 1.600,-,€ 1.600,-",1,,Precio incluido: Exclusivo,,Amueblado,1012 AE Amsterdam (Noord-Holland)
,"80 m²,80 m²","€ 1.700,-,€ 1.700,-",3,,Construction year: 1931,,Unfurnished,1094 GX Amsterdam (Noord-Holland)
,"85 m²,85 m²","€ 1.850,-,€ 1.850,-",2,,,,Furnished,1093 EJ Amsterdam (Noord-Holland)
,"95 m²,95 m²","€ 1.750,-,€ 1.750,-",2,,Flooring: Laminate,,Unfurnished,1094 HW Amsterdam (Noord-Holland)
,"130 m²,130 m²","€ 3.500,-,€ 3.500,-",2,,,,Furnished,1011 JN Amsterdam (Noord-Holland)
,"60 m²,60 m²","€ 725,-,€ 725,-",1,,Quality of public transportation: Good,,Unfurnished,6651 BH Druten (Gelderland)
,"300 m²,300 m²","€ 4.800,-,€ 4.800,-",4,,Ground floor,,Furnished,1016 AE Amsterdam (Noord-Holland)
,"95 m²,95 m²","€ 1.750,-,€ 1.750,-",2,,Flooring: Laminate,,Unfurnished,1094 HW Amsterdam (Noord-Holland)
,"80 m²,80 m²","€ 2.450,-,€ 2.450,-",2,,Quality of public transportation: Good,,Furnished,1071 ZH Amsterdam (Noord-Holland)
,,,,,,,,
,,,,,,,,
,"80 m²,80 m²","€ 2.450,-,€ 2.450,-",2,,Quality of public transportation: Good,,Furnished,1071 ZH Amsterdam (Noord-Holland)
,"100 m²,100 m²","€ 1.350,-,€ 1.350,-",1,,,,Amueblado,1081 JW Amsterdam (Noord-Holland)
,"130 m²,130 m²","€ 1.900,-,€ 1.900,-",3,,Jardín,,Semiamueblado,1098 HA Amsterdam (Noord-Holland)
,"60 m²,60 m²","€ 1.600,-,€ 1.600,-",1,,Precio incluido: Exclusivo,,Amueblado,1012 AE Amsterdam (Noord-Holland)
,"65 m²,65 m²","€ 1.400,-,€ 1.400,-",2,,,,Unfurnished,1092 GT Amsterdam (Noord-Holland)
,"80 m²,80 m²","€ 1.700,-,€ 1.700,-",3,,Construction year: 1931,,Unfurnished,1094 GX Amsterdam (Noord-Holland)
,"30 m²,30 m²","€ 435,-,€ 435,-",1,,,,Unfurnished,8261 ES Kampen (Overijssel)
,"85 m²,85 m²","€ 1.850,-,€ 1.850,-",2,,,,Furnished,1093 EJ Amsterdam (Noord-Holland)
,"80 m²,80 m²","€ 1.700,-,€ 1.700,-",3,,Construction year: 1931,,Unfurnished,1094 GX Amsterdam (Noord-Holland)
,"85 m²,85 m²","€ 1.850,-,€ 1.850,-",2,,,,Furnished,1093 EJ Amsterdam (Noord-Holland)
,"130 m²,130 m²","€ 3.500,-,€ 3.500,-",2,,,,Furnished,1011 JN Amsterdam (Noord-Holland)
,"130 m²,130 m²","€ 3.500,-,€ 3.500,-",2,,,,Furnished,1011 JN Amsterdam (Noord-Holland)
,"130 m²,130 m²","€ 3.500,-,€ 3.500,-",2,,,,Furnished,1011 JN Amsterdam (Noord-Holland)
,"80 m²,80 m²","€ 2.450,-,€ 2.450,-",2,,Quality of public transportation: Good,,Furnished,1071 ZH Amsterdam (Noord-Holland)
,"80 m²,80 m²","€ 2.450,-,€ 2.450,-",2,,Quality of public transportation: Good,,Furnished,1071 ZH Amsterdam (Noord-Holland)
,"95 m²,95 m²","€ 1.750,-,€ 1.750,-",2,,Materiales para suelo: Laminado,,Semiamueblado,1094 HW Amsterdam (Noord-Holland)
,"80 m²,80 m²","€ 2.450,-,€ 2.450,-",2,,Quality of public transportation: Good,,Furnished,1071 ZH Amsterdam (Noord-Holland)
,"140 m²,140 m²","€ 2.850,-,€ 2.850,-",3,,"exclusive:  Gas, Water, Electricity",,Unfurnished,1071 LB Amsterdam (Noord-Holland)
,"100 m²,100 m²","€ 1.350,-,€ 1.350,-",1,,,,Amueblado,1081 JW Amsterdam (Noord-Holland)
,"130 m²,130 m²","€ 1.900,-,€ 1.900,-",3,,Jardín,,Semiamueblado,1098 HA Amsterdam (Noord-Holland)
,"60 m²,60 m²","€ 1.600,-,€ 1.600,-",1,,Precio incluido: Exclusivo,,Amueblado,1012 AE Amsterdam (Noord-Holland)
,"65 m²,65 m²","€ 1.400,-,€ 1.400,-",2,,,,Unfurnished,1092 GT Amsterdam (Noord-Holland)
,"80 m²,80 m²","€ 1.700,-,€ 1.700,-",3,,Año de construcción: 1931,,Semiamueblado,1094 GX Amsterdam (Noord-Holland)
,"80 m²,80 m²","€ 1.700,-,€ 1.700,-",3,,Anno di costruzione: 1931,,Tappezzato,1094 GX Amsterdam (Noord-Holland)
,"80 m²,80 m²","€ 1.700,-,€ 1.700,-",3,,Construction year: 1931,,Unfurnished,1094 GX Amsterdam (Noord-Holland)
,"85 m²,85 m²","€ 1.850,-,€ 1.850,-",2,,,,Amueblado,1093 EJ Amsterdam (Noord-Holland)
,"85 m²,85 m²","€ 1.850,-,€ 1.850,-",2,,,,Furnished,1093 EJ Amsterdam (Noord-Holland)
,"130 m²,130 m²","€ 3.500,-,€ 3.500,-",2,,,,Amueblado,1011 JN Amsterdam (Noord-Holland)
,"130 m²,130 m²","€ 3.500,-,€ 3.500,-",2,,,,Furnished,1011 JN Amsterdam (Noord-Holland)
,"130 m²,130 m²","€ 3.500,-,€ 3.500,-",2,,,,Amueblado,1011 JN Amsterdam (Noord-Holland)
,"130 m²,130 m²","€ 3.500,-,€ 3.500,-",2,,,,Meublé,1011 JN Amsterdam (Noord-Holland)
,"80 m²,80 m²","€ 2.450,-,€ 2.450,-",2,,Calidad del transporte público: Bueno,,Amueblado,1071 ZH Amsterdam (Noord-Holland)
,"95 m²,95 m²","€ 1.750,-,€ 1.750,-",2,,Materiales para suelo: Laminado,,Semiamueblado,1094 HW Amsterdam (Noord-Holland)
,"80 m²,80 m²","€ 2.450,-,€ 2.450,-",2,,Calidad del transporte público: Bueno,,Amueblado,1071 ZH Amsterdam (Noord-Holland)
,"140 m²,140 m²","€ 2.850,-,€ 2.850,-",3,,"exclusive:  Gas, Water, Electricity",,Unfurnished,1071 LB Amsterdam (Noord-Holland)
,"100 m²,100 m²","€ 1.350,-,€ 1.350,-",1,,,,Amueblado,1081 JW Amsterdam (Noord-Holland)
,"60 m²,60 m²","€ 1.600,-,€ 1.600,-",1,,Prezzo inclusivo: Esclusiva,,Ammobiliato,1012 AE Amsterdam (Noord-Holland)
,"130 m²,130 m²","€ 1.900,-,€ 1.900,-",3,,Jardín,,Semiamueblado,1098 HA Amsterdam (Noord-Holland)
,"60 m²,60 m²","€ 1.600,-,€ 1.600,-",1,,Mietpreis einschließlich: Exklusiv,,Möbliert,1012 AE Amsterdam (Noord-Holland)
,"80 m²,80 m²","€ 1.700,-,€ 1.700,-",3,,Año de construcción: 1931,,Semiamueblado,1094 GX Amsterdam (Noord-Holland)
,"80 m²,80 m²","€ 1.700,-,€ 1.700,-",3,,Año de construcción: 1931,,Semiamueblado,1094 GX Amsterdam (Noord-Holland)
,,,,,,,,
,"80 m²,80 m²","€ 1.700,-,€ 1.700,-",3,,Anno di costruzione: 1931,,Tappezzato,1094 GX Amsterdam (Noord-Holland)
,"130 m²,130 m²","€ 3.500,-,€ 3.500,-",2,,,,Amueblado,1011 JN Amsterdam (Noord-Holland)
,"85 m²,85 m²","€ 1.850,-,€ 1.850,-",2,,,,Amueblado,1093 EJ Amsterdam (Noord-Holland)
,"130 m²,130 m²","€ 3.500,-,€ 3.500,-",2,,,,Ammobiliato,1011 JN Amsterdam (Noord-Holland)
,"85 m²,85 m²","€ 1.850,-,€ 1.850,-",2,,,,Amueblado,1093 EJ Amsterdam (Noord-Holland)
,"130 m²,130 m²","€ 3.500,-,€ 3.500,-",2,,,,Möbliert,1011 JN Amsterdam (Noord-Holland)
,,,,,,,,
,"80 m²,80 m²","€ 2.450,-,€ 2.450,-",2,,Calidad del transporte público: Bueno,,Amueblado,1071 ZH Amsterdam (Noord-Holland)
,"95 m²,95 m²","€ 1.750,-,€ 1.750,-",2,,Fußbodenbelag: Laminat ,,Unmöbliert,1094 HW Amsterdam (Noord-Holland)
,"95 m²,95 m²","€ 1.750,-,€ 1.750,-",2,,Pavimentazione interna: Laminato,,Tappezzato,1094 HW Amsterdam (Noord-Holland)
,,,,,,,,
,"140 m²,140 m²","€ 2.850,-,€ 2.850,-",3,,"esclusiva:  Gas, Acqua, Elettricità",,Tappezzato,1071 LB Amsterdam (Noord-Holland)
,,,,,,,,
,"140 m²,140 m²","€ 2.850,-,€ 2.850,-",3,,"exclusivo:  Gas, Agua, Luz",,Semiamueblado,1071 LB Amsterdam (Noord-Holland)
,"140 m²,140 m²","€ 2.850,-,€ 2.850,-",3,,"exklusiv:  Gas, Wasser, Elektrizität",,Unmöbliert,1071 LB Amsterdam (Noord-Holland)
,,,,,,,,
,,,,,,,,
,"130 m²,130 m²","€ 1.900,-,€ 1.900,-",3,,Giardino,,Tappezzato,1098 HA Amsterdam (Noord-Holland)
,"80 m²,80 m²","€ 1.700,-,€ 1.700,-",3,,Baujahr: 1931,,Unmöbliert,1094 GX Amsterdam (Noord-Holland)
,"80 m²,80 m²","€ 1.700,-,€ 1.700,-",3,,Año de construcción: 1931,,"Non,meublé",1094 GX Amsterdam (Noord-Holland)
,"130 m²,130 m²","€ 3.500,-,€ 3.500,-",2,,,,Ammobiliato,1011 JN Amsterdam (Noord-Holland)
,"80 m²,80 m²","€ 2.450,-,€ 2.450,-",2,,Qualità del trasporto pubblico: Buono,,Ammobiliato,1071 ZH Amsterdam (Noord-Holland)
,"130 m²,130 m²","€ 3.500,-,€ 3.500,-",2,,,,Möbliert,1011 JN Amsterdam (Noord-Holland)
,"85 m²,85 m²","€ 1.850,-,€ 1.850,-",2,,,,Ammobiliato,1093 EJ Amsterdam (Noord-Holland)
,"95 m²,95 m²","€ 1.750,-,€ 1.750,-",2,,Fußbodenbelag: Laminat ,,Unmöbliert,1094 HW Amsterdam (Noord-Holland)
,"130 m²,130 m²","€ 3.500,-,€ 3.500,-",2,,,,Möbliert,1011 JN Amsterdam (Noord-Holland)
,"95 m²,95 m²","€ 1.750,-,€ 1.750,-",2,,Pavimentazione interna: Laminato,,Tappezzato,1094 HW Amsterdam (Noord-Holland)
,"95 m²,95 m²","€ 1.750,-,€ 1.750,-",2,,Pavimentazione interna: Laminato,,Tappezzato,1094 HW Amsterdam (Noord-Holland)
,,,,,,,,
,"140 m²,140 m²","€ 2.850,-,€ 2.850,-",3,,"esclusiva:  Gas, Acqua, Elettricità",,Tappezzato,1071 LB Amsterdam (Noord-Holland)
,"140 m²,140 m²","€ 2.850,-,€ 2.850,-",3,,"exklusiv:  Gas, Wasser, Elektrizität",,Unmöbliert,1071 LB Amsterdam (Noord-Holland)
,"140 m²,140 m²","€ 2.850,-,€ 2.850,-",3,,"exclusivo:  Gas, Agua, Luz",,Semiamueblado,1071 LB Amsterdam (Noord-Holland)
,"140 m²,140 m²","€ 2.850,-,€ 2.850,-",3,,"exklusiv:  Gas, Wasser, Elektrizität",,Unmöbliert,1071 LB Amsterdam (Noord-Holland)
,"130 m²,130 m²","€ 1.900,-,€ 1.900,-",3,,Giardino,,Tappezzato,1098 HA Amsterdam (Noord-Holland)
,"80 m²,80 m²","€ 1.700,-,€ 1.700,-",3,,Baujahr: 1931,,Unmöbliert,1094 GX Amsterdam (Noord-Holland)
,"80 m²,80 m²","€ 1.700,-,€ 1.700,-",3,,Año de construcción: 1931,,"Non,meublé",1094 GX Amsterdam (Noord-Holland)
,"80 m²,80 m²","€ 1.700,-,€ 1.700,-",3,,Año de construcción: 1931,,"Non,meublé",1094 GX Amsterdam (Noord-Holland)
,,,,,,,,
,"80 m²,80 m²","€ 2.450,-,€ 2.450,-",2,,Qualità del trasporto pubblico: Buono,,Ammobiliato,1071 ZH Amsterdam (Noord-Holland)
,"95 m²,95 m²","€ 1.750,-,€ 1.750,-",2,,Fußbodenbelag: Laminat ,,Unmöbliert,1094 HW Amsterdam (Noord-Holland)
,"85 m²,85 m²","€ 1.850,-,€ 1.850,-",2,,,,Ammobiliato,1093 EJ Amsterdam (Noord-Holland)
,"95 m²,95 m²","€ 1.750,-,€ 1.750,-",2,,Pavimentazione interna: Laminato,,Tappezzato,1094 HW Amsterdam (Noord-Holland)
,,,,,,,,
,"95 m²,95 m²","€ 1.750,-,€ 1.750,-",2,,Revêtement de sol: Laminate,,"Non,meublé",1094 HW Amsterdam (Noord-Holland)
,"140 m²,140 m²","€ 2.850,-,€ 2.850,-",3,,"exclusive:  Gaz, L'eau, Électricité",,"Non,meublé",1071 LB Amsterdam (Noord-Holland)
,"95 m²,95 m²","€ 1.750,-,€ 1.750,-",2,,Revêtement de sol: Laminate,,"Non,meublé",1094 HW Amsterdam (Noord-Holland)
,"140 m²,140 m²","€ 2.850,-,€ 2.850,-",3,,"esclusiva:  Gas, Acqua, Elettricità",,Tappezzato,1071 LB Amsterdam (Noord-Holland)
,"140 m²,140 m²","€ 2.850,-,€ 2.850,-",3,,"exclusivo:  Gas, Agua, Luz",,Semiamueblado,1071 LB Amsterdam (Noord-Holland)
,"140 m²,140 m²","€ 2.850,-,€ 2.850,-",3,,"exclusive:  Gaz, L'eau, Électricité",,"Non,meublé",1071 LB Amsterdam (Noord-Holland)
,"140 m²,140 m²","€ 2.850,-,€ 2.850,-",3,,"exklusiv:  Gas, Wasser, Elektrizität",,Unmöbliert,1071 LB Amsterdam (Noord-Holland)
,"130 m²,130 m²","€ 1.900,-,€ 1.900,-",3,,Jardin,,"Non,meublé",1098 HA Amsterdam (Noord-Holland)
,"130 m²,130 m²","€ 1.900,-,€ 1.900,-",3,,Garten,,Unmöbliert,1098 HA Amsterdam (Noord-Holland)
,,,,,,,,
,,,,,,,,
,,,,,,,,
,"95 m²,95 m²","€ 1.750,-,€ 1.750,-",2,,Materiales para suelo: Laminado,,Semiamueblado,1094 HW Amsterdam (Noord-Holland)
,"85 m²,85 m²","€ 1.850,-,€ 1.850,-",2,,,,Ammobiliato,1093 EJ Amsterdam (Noord-Holland)
,"85 m²,85 m²","€ 1.850,-,€ 1.850,-",2,,,,Möbliert,1093 EJ Amsterdam (Noord-Holland)
,"140 m²,140 m²","€ 2.850,-,€ 2.850,-",3,,"exclusive:  Gaz, L'eau, Électricité",,"Non,meublé",1071 LB Amsterdam (Noord-Holland)
,"80 m²,80 m²","€ 2.250,-,€ 2.250,-",2,,Qualité de transport public: Bonne,,"Meublé,ou non meublé",1052 CL Amsterdam (Noord-Holland)
,"140 m²,140 m²","€ 2.850,-,€ 2.850,-",3,,"exclusive:  Gaz, L'eau, Électricité",,"Non,meublé",1071 LB Amsterdam (Noord-Holland)
,"95 m²,95 m²","€ 1.750,-,€ 1.750,-",2,,Revêtement de sol: Laminate,,"Non,meublé",1094 HW Amsterdam (Noord-Holland)
,"140 m²,140 m²","€ 2.850,-,€ 2.850,-",3,,"exclusive:  Gas, Water, Electricity",,Unfurnished,1071 LB Amsterdam (Noord-Holland)
,"140 m²,140 m²","€ 2.850,-,€ 2.850,-",3,,"exclusive:  Gaz, L'eau, Électricité",,"Non,meublé",1071 LB Amsterdam (Noord-Holland)
,,,,,,,,
,,,,,,,,
,"140 m²,140 m²","€ 2.850,-,€ 2.850,-",3,,"exclusive:  Gaz, L'eau, Électricité",,"Non,meublé",1071 LB Amsterdam (Noord-Holland)
,"130 m²,130 m²","€ 1.900,-,€ 1.900,-",3,,Jardin,,"Non,meublé",1098 HA Amsterdam (Noord-Holland)
,"130 m²,130 m²","€ 1.900,-,€ 1.900,-",3,,Garten,,Unmöbliert,1098 HA Amsterdam (Noord-Holland)
,"80 m²,80 m²","€ 2.250,-,€ 2.250,-",2,,Qualità del trasporto pubblico: Buono,,"Ammobiliato,o tappezzato",1052 CL Amsterdam (Noord-Holland)
,,,,,,,,
,"70 m²,70 m²","€ 1.675,-,€ 1.675,-",1,,,,Ammobiliato,1017 AD Amsterdam (Noord-Holland)
,"70 m²,70 m²","€ 1.675,-,€ 1.675,-",1,,,,Ammobiliato,1017 AD Amsterdam (Noord-Holland)
,"85 m²,85 m²","€ 1.850,-,€ 1.850,-",2,,,,Möbliert,1093 EJ Amsterdam (Noord-Holland)
,"80 m²,80 m²","€ 2.250,-,€ 2.250,-",2,,Qualité de transport public: Bonne,,"Meublé,ou non meublé",1052 CL Amsterdam (Noord-Holland)
,"80 m²,80 m²","€ 2.250,-,€ 2.250,-",2,,Qualité de transport public: Bonne,,"Meublé,ou non meublé",1052 CL Amsterdam (Noord-Holland)
,"80 m²,80 m²","€ 2.250,-,€ 2.250,-",2,,Qualité de transport public: Bonne,,"Meublé,ou non meublé",1052 CL Amsterdam (Noord-Holland)
,"80 m²,80 m²","€ 2.250,-,€ 2.250,-",2,,Qualité de transport public: Bonne,,"Meublé,ou non meublé",1052 CL Amsterdam (Noord-Holland)
,"80 m²,80 m²","€ 2.250,-,€ 2.250,-",2,,Qualité de transport public: Bonne,,"Meublé,ou non meublé",1052 CL Amsterdam (Noord-Holland)
,"76 m²,76 m²","€ 1.950,-,€ 1.950,-",2,,Prix inclusive: Exclusive,,"Meublé,ou non meublé",1012 KD Amsterdam (Noord-Holland)
,"76 m²,76 m²","€ 1.950,-,€ 1.950,-",2,,Prix inclusive: Exclusive,,"Meublé,ou non meublé",1012 KD Amsterdam (Noord-Holland)
,,,,,,,,
,,,,,,,,
,,,,,,,,
,"80 m²,80 m²","€ 2.250,-,€ 2.250,-",2,,Qualità del trasporto pubblico: Buono,,"Ammobiliato,o tappezzato",1052 CL Amsterdam (Noord-Holland)
,"181 m²,181 m²","€ 3.250,-,€ 3.250,-",3,,Garage,,"Non,meublé",1019 WE Amsterdam (Noord-Holland)
,"70 m²,70 m²","€ 1.675,-,€ 1.675,-",1,,,,Ammobiliato,1017 AD Amsterdam (Noord-Holland)
,"130 m²,130 m²","€ 3.250,-,€ 3.250,-",3,,,,"Ammobiliato,o tappezzato",1012 KD Amsterdam (Noord-Holland)
,"128 m²,128 m²","€ 3.500,-,€ 3.500,-",3,,,,Tappezzato,1011 HH Amsterdam (Noord-Holland)
,"95 m²,95 m²","€ 2.250,-,€ 2.250,-",2,,,,"Non,meublé",1071 PR Amsterdam (Noord-Holland)
,"80 m²,80 m²","€ 2.250,-,€ 2.250,-",2,,Calidad del transporte público: Bueno,,"Amueblado,o semiamueblado",1052 CL Amsterdam (Noord-Holland)
,"80 m²,80 m²","€ 2.250,-,€ 2.250,-",2,,Qualité de transport public: Bonne,,"Meublé,ou non meublé",1052 CL Amsterdam (Noord-Holland)
,"80 m²,80 m²","€ 2.250,-,€ 2.250,-",2,,Öffentliche Verkehrsmittel: Gut,,"Möbliert,oder unmöbliert",1052 CL Amsterdam (Noord-Holland)
,,,,,,,,
,,,,,,,,
,"80 m²,80 m²","€ 2.250,-,€ 2.250,-",2,,Calidad del transporte público: Bueno,,"Amueblado,o semiamueblado",1052 CL Amsterdam (Noord-Holland)
,"80 m²,80 m²","€ 2.250,-,€ 2.250,-",2,,Calidad del transporte público: Bueno,,"Amueblado,o semiamueblado",1052 CL Amsterdam (Noord-Holland)
,"76 m²,76 m²","€ 1.950,-,€ 1.950,-",2,,Prezzo inclusivo: Esclusiva,,"Ammobiliato,o tappezzato",1012 KD Amsterdam (Noord-Holland)
,,,,,,,,
,"80 m²,80 m²","€ 2.250,-,€ 2.250,-",2,,Öffentliche Verkehrsmittel: Gut,,"Möbliert,oder unmöbliert",1052 CL Amsterdam (Noord-Holland)
,"70 m²,70 m²","€ 1.600,-,€ 1.600,-",2,,Stockage,,Meublé,1013 AD Amsterdam (Noord-Holland)
,"76 m²,76 m²","€ 1.950,-,€ 1.950,-",2,,Precio incluido: Exclusivo,,"Amueblado,o semiamueblado",1012 KD Amsterdam (Noord-Holland)
,,,,,,,,
,"80 m²,80 m²","€ 2.250,-,€ 2.250,-",2,,Calidad del transporte público: Bueno,,"Amueblado,o semiamueblado",1052 CL Amsterdam (Noord-Holland)
,"128 m²,128 m²","€ 3.500,-,€ 3.500,-",3,,,,Tappezzato,1011 HH Amsterdam (Noord-Holland)
,"80 m²,80 m²","€ 2.250,-,€ 2.250,-",2,,Calidad del transporte público: Bueno,,"Amueblado,o semiamueblado",1052 CL Amsterdam (Noord-Holland)
,"70 m²,70 m²","€ 1.675,-,€ 1.675,-",1,,,,Amueblado,1017 AD Amsterdam (Noord-Holland)
,"130 m²,130 m²","€ 3.250,-,€ 3.250,-",3,,,,"Ammobiliato,o tappezzato",1012 KD Amsterdam (Noord-Holland)
,,,,,,,,
,"95 m²,95 m²","€ 2.250,-,€ 2.250,-",2,,,,"Non,meublé",1071 PR Amsterdam (Noord-Holland)
,,,,,,,,
,,,,,,,,
,,,,,,,,
,"80 m²,80 m²","€ 2.250,-,€ 2.250,-",2,,Öffentliche Verkehrsmittel: Gut,,"Möbliert,oder unmöbliert",1052 CL Amsterdam (Noord-Holland)
,,,,,,,,
,,,,,,,,
,"76 m²,76 m²","€ 1.950,-,€ 1.950,-",2,,Prezzo inclusivo: Esclusiva,,"Ammobiliato,o tappezzato",1012 KD Amsterdam (Noord-Holland)
,"70 m²,70 m²","€ 1.600,-,€ 1.600,-",2,,Stockage,,Meublé,1013 AD Amsterdam (Noord-Holland)
,"76 m²,76 m²","€ 1.950,-,€ 1.950,-",2,,Precio incluido: Exclusivo,,"Amueblado,o semiamueblado",1012 KD Amsterdam (Noord-Holland)
,"128 m²,128 m²","€ 3.500,-,€ 3.500,-",3,,,,Semiamueblado,1011 HH Amsterdam (Noord-Holland)
,"130 m²,130 m²","€ 3.500,-,€ 3.500,-",2,,,,Amueblado,1015 GS Amsterdam (Noord-Holland)
,"128 m²,128 m²","€ 3.500,-,€ 3.500,-",3,,,,Unmöbliert,1011 HH Amsterdam (Noord-Holland)
,"128 m²,128 m²","€ 3.500,-,€ 3.500,-",3,,,,"Non,meublé",1011 HH Amsterdam (Noord-Holland)
,,,,,,,,
,"128 m²,128 m²","€ 3.500,-,€ 3.500,-",3,,,,Unfurnished,1011 HH Amsterdam (Noord-Holland)
,,,,,,,,
,,,,,,,,
,"130 m²,130 m²","€ 3.250,-,€ 3.250,-",3,,,,"Amueblado,o semiamueblado",1012 KD Amsterdam (Noord-Holland)
,"95 m²,95 m²","€ 2.250,-,€ 2.250,-",2,,,,Semiamueblado,1071 PR Amsterdam (Noord-Holland)
,,,,,,,,
,"130 m²,130 m²","€ 3.500,-,€ 3.500,-",2,,,,Möbliert,1015 GS Amsterdam (Noord-Holland)
,"65 m²,65 m²","€ 1.250,-,€ 1.250,-",2,,,,Möbliert,1024 SM Amsterdam (Noord-Holland)
,"70 m²,70 m²","€ 1.600,-,€ 1.600,-",2,,Ripostiglio,,Ammobiliato,1013 AD Amsterdam (Noord-Holland)
,"128 m²,128 m²","€ 3.500,-,€ 3.500,-",3,,,,Semiamueblado,1011 HH Amsterdam (Noord-Holland)
,"70 m²,70 m²","€ 1.600,-,€ 1.600,-",2,,Espacio de depósito,,Amueblado,1013 AD Amsterdam (Noord-Holland)
,"76 m²,76 m²","€ 1.950,-,€ 1.950,-",2,,Mietpreis einschließlich: Exklusiv,,"Möbliert,oder unmöbliert",1012 KD Amsterdam (Noord-Holland)
,"128 m²,128 m²","€ 3.500,-,€ 3.500,-",3,,,,Unmöbliert,1011 HH Amsterdam (Noord-Holland)
,"130 m²,130 m²","€ 3.500,-,€ 3.500,-",2,,,,Amueblado,1015 GS Amsterdam (Noord-Holland)
,,,,,,,,
,"128 m²,128 m²","€ 3.500,-,€ 3.500,-",3,,,,Unfurnished,1011 HH Amsterdam (Noord-Holland)
,"128 m²,128 m²","€ 3.500,-,€ 3.500,-",3,,,,"Non,meublé",1011 HH Amsterdam (Noord-Holland)
,"128 m²,128 m²","€ 3.500,-,€ 3.500,-",3,,,,Unfurnished,1011 HH Amsterdam (Noord-Holland)
,"40 m²,40 m²","€ 90,-,€ 90,-",1,,Qualité de transport public: Bonne,,Meublé,1012 AD Amsterdam (Noord-Holland)
,"130 m²,130 m²","€ 3.250,-,€ 3.250,-",3,,,,"Amueblado,o semiamueblado",1012 KD Amsterdam (Noord-Holland)
,"95 m²,95 m²","€ 2.250,-,€ 2.250,-",2,,,,Semiamueblado,1071 PR Amsterdam (Noord-Holland)
,,,,,,,,
,,,,,,,,
,,,,,,,,
,"65 m²,65 m²","€ 1.250,-,€ 1.250,-",2,,,,Möbliert,1024 SM Amsterdam (Noord-Holland)
,"70 m²,70 m²","€ 1.600,-,€ 1.600,-",2,,Ripostiglio,,Ammobiliato,1013 AD Amsterdam (Noord-Holland)
,"70 m²,70 m²","€ 1.600,-,€ 1.600,-",2,,Espacio de depósito,,Amueblado,1013 AD Amsterdam (Noord-Holland)
,"128 m²,128 m²","€ 3.500,-,€ 3.500,-",3,,,,Semiamueblado,1011 HH Amsterdam (Noord-Holland)
,"76 m²,76 m²","€ 1.950,-,€ 1.950,-",2,,Mietpreis einschließlich: Exklusiv,,"Möbliert,oder unmöbliert",1012 KD Amsterdam (Noord-Holland)
,"128 m²,128 m²","€ 3.500,-,€ 3.500,-",3,,,,Unmöbliert,1011 HH Amsterdam (Noord-Holland)
,"130 m²,130 m²","€ 3.500,-,€ 3.500,-",2,,,,Ammobiliato,1015 GS Amsterdam (Noord-Holland)
,"128 m²,128 m²","€ 3.500,-,€ 3.500,-",3,,,,Unfurnished,1011 HH Amsterdam (Noord-Holland)
,"128 m²,128 m²","€ 3.500,-,€ 3.500,-",3,,,,"Non,meublé",1011 HH Amsterdam (Noord-Holland)
,"95 m²,95 m²","€ 2.250,-,€ 2.250,-",2,,,,Semiamueblado,1071 PR Amsterdam (Noord-Holland)
,"130 m²,130 m²","€ 3.250,-,€ 3.250,-",3,,,,"Amueblado,o semiamueblado",1012 KD Amsterdam (Noord-Holland)
,"40 m²,40 m²","€ 90,-,€ 90,-",1,,Qualité de transport public: Bonne,,Meublé,1012 AD Amsterdam (Noord-Holland)
,,,,,,,,
,"65 m²,65 m²","€ 1.250,-,€ 1.250,-",2,,,,Amueblado,1024 SM Amsterdam (Noord-Holland)
,"70 m²,70 m²","€ 1.600,-,€ 1.600,-",2,,Espacio de depósito,,Amueblado,1013 AD Amsterdam (Noord-Holland)
,"70 m²,70 m²","€ 1.600,-,€ 1.600,-",2,,Storage,,Furnished,1013 AD Amsterdam (Noord-Holland)
,"128 m²,128 m²","€ 3.500,-,€ 3.500,-",3,,,,Tappezzato,1011 HH Amsterdam (Noord-Holland)
,"70 m²,70 m²","€ 1.600,-,€ 1.600,-",2,,Abstellraum,,Möbliert,1013 AD Amsterdam (Noord-Holland)
,"76 m²,76 m²","€ 1.950,-,€ 1.950,-",2,,Mietpreis einschließlich: Exklusiv,,"Möbliert,oder unmöbliert",1012 KD Amsterdam (Noord-Holland)
,"70 m²,70 m²","€ 1.600,-,€ 1.600,-",2,,Ripostiglio,,Ammobiliato,1013 AD Amsterdam (Noord-Holland)
,"76 m²,76 m²","€ 1.950,-,€ 1.950,-",2,,Price inclusive: Exclusive,,"Furnished,or unfurnished",1012 KD Amsterdam (Noord-Holland)
,"130 m²,130 m²","€ 3.500,-,€ 3.500,-",2,,,,Ammobiliato,1015 GS Amsterdam (Noord-Holland)
,"130 m²,130 m²","€ 3.500,-,€ 3.500,-",2,,,,Ammobiliato,1015 GS Amsterdam (Noord-Holland)
,"95 m²,95 m²","€ 2.250,-,€ 2.250,-",2,,,,Tappezzato,1071 PR Amsterdam (Noord-Holland)
,,,,,,,,
,"130 m²,130 m²","€ 3.500,-,€ 3.500,-",2,,,,Ammobiliato,1015 GS Amsterdam (Noord-Holland)
,"70 m²,70 m²","€ 1.600,-,€ 1.600,-",2,,Abstellraum,,Möbliert,1013 AD Amsterdam (Noord-Holland)
,"40 m²,40 m²","€ 90,-,€ 90,-",1,,Calidad del transporte público: Bueno,,Amueblado,1012 AD Amsterdam (Noord-Holland)
,"95 m²,95 m²","€ 2.250,-,€ 2.250,-",2,,,,Unmöbliert,1071 PR Amsterdam (Noord-Holland)
,"65 m²,65 m²","€ 1.250,-,€ 1.250,-",2,,,,Amueblado,1024 SM Amsterdam (Noord-Holland)
,"70 m²,70 m²","€ 1.600,-,€ 1.600,-",2,,Storage,,Furnished,1013 AD Amsterdam (Noord-Holland)
,"70 m²,70 m²","€ 1.600,-,€ 1.600,-",2,,Storage,,Furnished,1013 AD Amsterdam (Noord-Holland)
,"76 m²,76 m²","€ 1.950,-,€ 1.950,-",2,,Precio incluido: Exclusivo,,"Amueblado,o semiamueblado",1012 KD Amsterdam (Noord-Holland)
,"70 m²,70 m²","€ 1.600,-,€ 1.600,-",2,,Abstellraum,,Möbliert,1013 AD Amsterdam (Noord-Holland)
,"76 m²,76 m²","€ 1.950,-,€ 1.950,-",2,,Prix inclusive: Exclusive,,"Meublé,ou non meublé",1012 KD Amsterdam (Noord-Holland)
,"130 m²,130 m²","€ 3.500,-,€ 3.500,-",2,,,,Ammobiliato,1015 GS Amsterdam (Noord-Holland)
,"76 m²,76 m²","€ 1.950,-,€ 1.950,-",2,,Prezzo inclusivo: Esclusiva,,"Ammobiliato,o tappezzato",1012 KD Amsterdam (Noord-Holland)
,,,,,,,,
,"130 m²,130 m²","€ 3.500,-,€ 3.500,-",2,,,,Meublé,1015 GS Amsterdam (Noord-Holland)
,"95 m²,95 m²","€ 2.250,-,€ 2.250,-",2,,,,Tappezzato,1071 PR Amsterdam (Noord-Holland)
,,,,,,,,
,"40 m²,40 m²","€ 90,-,€ 90,-",1,,Calidad del transporte público: Bueno,,Amueblado,1012 AD Amsterdam (Noord-Holland)
,"130 m²,130 m²","€ 3.500,-,€ 3.500,-",2,,,,Furnished,1015 GS Amsterdam (Noord-Holland)
,"65 m²,65 m²","€ 1.250,-,€ 1.250,-",2,,,,Amueblado,1024 SM Amsterdam (Noord-Holland)
,"130 m²,130 m²","€ 3.500,-,€ 3.500,-",2,,,,Meublé,1015 GS Amsterdam (Noord-Holland)
,"65 m²,65 m²","€ 1.250,-,€ 1.250,-",2,,,,Ammobiliato,1024 SM Amsterdam (Noord-Holland)
,"95 m²,95 m²","€ 2.250,-,€ 2.250,-",2,,,,Unmöbliert,1071 PR Amsterdam (Noord-Holland)
,"95 m²,95 m²","€ 2.250,-,€ 2.250,-",2,,,,Unmöbliert,1071 PR Amsterdam (Noord-Holland)
,"110 m²,110 m²","€ 2.750,-,€ 2.750,-",2,,Flooring: Laminate,,Furnished,1013 GG Amsterdam (Noord-Holland)
,"65 m²,65 m²","€ 1.600,-,€ 1.600,-",1,,,,Furnished,1013 EL Amsterdam (Noord-Holland)
,"65 m²,65 m²","€ 1.550,-,€ 1.550,-",1,,Quality of public transportation: Good,,Furnished,1013 EM Amsterdam (Noord-Holland)
,"130 m²,130 m²","€ 3.500,-,€ 3.500,-",2,,,,Meublé,1015 GS Amsterdam (Noord-Holland)
,"130 m²,130 m²","€ 3.500,-,€ 3.500,-",2,,,,Amueblado,1015 GS Amsterdam (Noord-Holland)
,"75 m²,75 m²","€ 1.800,-,€ 1.800,-",1,,"Price inclusive: Gas, Water, Electricity, Service costs",,Furnished,1013 KD Amsterdam (Noord-Holland)
,"130 m²,130 m²","€ 3.500,-,€ 3.500,-",2,,,,Meublé,1015 GS Amsterdam (Noord-Holland)
,"130 m²,130 m²","€ 3.500,-,€ 3.500,-",2,,,,Möbliert,1015 GS Amsterdam (Noord-Holland)
,"95 m²,95 m²","€ 2.250,-,€ 2.250,-",2,,,,Unfurnished,1071 PR Amsterdam (Noord-Holland)
,"40 m²,40 m²","€ 90,-,€ 90,-",1,,Calidad del transporte público: Bueno,,Amueblado,1012 AD Amsterdam (Noord-Holland)
,"40 m²,40 m²","€ 90,-,€ 90,-",1,,Qualità del trasporto pubblico: Buono,,Ammobiliato,1012 AD Amsterdam (Noord-Holland)
,"130 m²,130 m²","€ 3.500,-,€ 3.500,-",2,,,,Furnished,1015 GS Amsterdam (Noord-Holland)
,"65 m²,65 m²","€ 1.250,-,€ 1.250,-",2,,,,Ammobiliato,1024 SM Amsterdam (Noord-Holland)
,"65 m²,65 m²","€ 1.350,-,€ 1.350,-",2,,,,"Non,ammobiliato / struttura",1094 KL Amsterdam (Noord-Holland)
,"65 m²,65 m²","€ 1.250,-,€ 1.250,-",2,,,,Ammobiliato,1024 SM Amsterdam (Noord-Holland)
,"110 m²,110 m²","€ 2.750,-,€ 2.750,-",2,,Flooring: Laminate,,Furnished,1013 GG Amsterdam (Noord-Holland)
,"65 m²,65 m²","€ 1.600,-,€ 1.600,-",1,,,,Furnished,1013 EL Amsterdam (Noord-Holland)
,"65 m²,65 m²","€ 1.550,-,€ 1.550,-",1,,Quality of public transportation: Good,,Furnished,1013 EM Amsterdam (Noord-Holland)
,"65 m²,65 m²","€ 1.550,-,€ 1.550,-",1,,Quality of public transportation: Good,,Furnished,1013 EM Amsterdam (Noord-Holland)
,"65 m²,65 m²","€ 1.550,-,€ 1.550,-",1,,Quality of public transportation: Good,,Furnished,1013 EM Amsterdam (Noord-Holland)
,"75 m²,75 m²","€ 1.800,-,€ 1.800,-",1,,"Price inclusive: Gas, Water, Electricity, Service costs",,Furnished,1013 KD Amsterdam (Noord-Holland)
,"75 m²,75 m²","€ 1.800,-,€ 1.800,-",1,,"Price inclusive: Gas, Water, Electricity, Service costs",,Furnished,1013 KD Amsterdam (Noord-Holland)
,"75 m²,75 m²","€ 1.800,-,€ 1.800,-",1,,"Price inclusive: Gas, Water, Electricity, Service costs",,Furnished,1013 KD Amsterdam (Noord-Holland)
,"75 m²,75 m²","€ 1.800,-,€ 1.800,-",1,,"Price inclusive: Gas, Water, Electricity, Service costs",,Furnished,1013 KD Amsterdam (Noord-Holland)
,"95 m²,95 m²","€ 2.250,-,€ 2.250,-",2,,,,Unfurnished,1071 PR Amsterdam (Noord-Holland)
,"40 m²,40 m²","€ 90,-,€ 90,-",1,,Qualità del trasporto pubblico: Buono,,Ammobiliato,1012 AD Amsterdam (Noord-Holland)
,"40 m²,40 m²","€ 90,-,€ 90,-",1,,Qualità del trasporto pubblico: Buono,,Ammobiliato,1012 AD Amsterdam (Noord-Holland)
,"85 m²,85 m²","€ 2.250,-,€ 2.250,-",2,,,,Unmöbliert,1071 BB Amsterdam (Noord-Holland)
,"40 m²,40 m²","€ 90,-,€ 90,-",1,,Qualità del trasporto pubblico: Buono,,Ammobiliato,1012 AD Amsterdam (Noord-Holland)
,"65 m²,65 m²","€ 1.250,-,€ 1.250,-",2,,,,Furnished,1024 SM Amsterdam (Noord-Holland)
,"65 m²,65 m²","€ 1.250,-,€ 1.250,-",2,,,,Meublé,1024 SM Amsterdam (Noord-Holland)
,"110 m²,110 m²","€ 2.750,-,€ 2.750,-",2,,Materiales para suelo: Laminado,,Amueblado,1013 GG Amsterdam (Noord-Holland)
,"65 m²,65 m²","€ 1.600,-,€ 1.600,-",1,,,,Amueblado,1013 EL Amsterdam (Noord-Holland)
,"65 m²,65 m²","€ 1.600,-,€ 1.600,-",1,,,,Ammobiliato,1013 EL Amsterdam (Noord-Holland)
,"75 m²,75 m²","€ 1.800,-,€ 1.800,-",1,,"Precio incluido: Gas, Agua, Luz, Mantener costos",,Amueblado,1013 KD Amsterdam (Noord-Holland)
,"75 m²,75 m²","€ 1.800,-,€ 1.800,-",1,,"Precio incluido: Gas, Agua, Luz, Mantener costos",,Amueblado,1013 KD Amsterdam (Noord-Holland)
,"65 m²,65 m²","€ 1.550,-,€ 1.550,-",1,,Calidad del transporte público: Bueno,,Amueblado,1013 EM Amsterdam (Noord-Holland)
,"65 m²,65 m²","€ 1.550,-,€ 1.550,-",1,,Calidad del transporte público: Bueno,,Amueblado,1013 EM Amsterdam (Noord-Holland)
,"75 m²,75 m²","€ 1.800,-,€ 1.800,-",1,,"Price inclusive: Gas, Water, Electricity, Service costs",,Furnished,1013 KD Amsterdam (Noord-Holland)
,"75 m²,75 m²","€ 1.800,-,€ 1.800,-",1,,"Precio incluido: Gas, Agua, Luz, Mantener costos",,Amueblado,1013 KD Amsterdam (Noord-Holland)
,"75 m²,75 m²","€ 1.800,-,€ 1.800,-",1,,"Prezzo inclusivo: Gas, Acqua, Elettricità, Service costi",,Ammobiliato,1013 KD Amsterdam (Noord-Holland)
,"75 m²,75 m²","€ 1.800,-,€ 1.800,-",1,,"Mietpreis einschließlich: Gas, Wasser, Elektrizität, Kosten instandhalten",,Möbliert,1013 KD Amsterdam (Noord-Holland)
,"40 m²,40 m²","€ 90,-,€ 90,-",1,,Öffentliche Verkehrsmittel: Gut,,Möbliert,1012 AD Amsterdam (Noord-Holland)
,"50 m²,50 m²","€ 95,-,€ 95,-",1,,,,Ammobiliato,1011 JZ Amsterdam (Noord-Holland)
,"80 m²,80 m²","€ 175,-,€ 175,-",1,,Vasca da bagno,,Ammobiliato,1015 BX Amsterdam (Noord-Holland)
,"95 m²,95 m²","€ 1.750,-,€ 1.750,-",2,,Vasca da bagno,,Ammobiliato,1095 MA Amsterdam (Noord-Holland)
,"85 m²,85 m²","€ 2.250,-,€ 2.250,-",2,,,,Unmöbliert,1071 BB Amsterdam (Noord-Holland)
,"65 m²,65 m²","€ 1.600,-,€ 1.600,-",1,,,,Ammobiliato,1013 EL Amsterdam (Noord-Holland)
,"110 m²,110 m²","€ 2.750,-,€ 2.750,-",2,,Materiales para suelo: Laminado,,Amueblado,1013 GG Amsterdam (Noord-Holland)
,"65 m²,65 m²","€ 1.250,-,€ 1.250,-",2,,,,Meublé,1024 SM Amsterdam (Noord-Holland)
,"65 m²,65 m²","€ 1.600,-,€ 1.600,-",1,,,,Amueblado,1013 EL Amsterdam (Noord-Holland)
,"75 m²,75 m²","€ 1.800,-,€ 1.800,-",1,,"Precio incluido: Gas, Agua, Luz, Mantener costos",,Amueblado,1013 KD Amsterdam (Noord-Holland)
,"75 m²,75 m²","€ 1.800,-,€ 1.800,-",1,,"Precio incluido: Gas, Agua, Luz, Mantener costos",,Amueblado,1013 KD Amsterdam (Noord-Holland)
,"75 m²,75 m²","€ 1.800,-,€ 1.800,-",1,,"Precio incluido: Gas, Agua, Luz, Mantener costos",,Amueblado,1013 KD Amsterdam (Noord-Holland)
,"75 m²,75 m²","€ 1.800,-,€ 1.800,-",1,,"Prezzo inclusivo: Gas, Acqua, Elettricità, Service costi",,Ammobiliato,1013 KD Amsterdam (Noord-Holland)
,"65 m²,65 m²","€ 1.550,-,€ 1.550,-",1,,Calidad del transporte público: Bueno,,Amueblado,1013 EM Amsterdam (Noord-Holland)
,"75 m²,75 m²","€ 1.800,-,€ 1.800,-",1,,"Precio incluido: Gas, Agua, Luz, Mantener costos",,Amueblado,1013 KD Amsterdam (Noord-Holland)
,"75 m²,75 m²","€ 1.800,-,€ 1.800,-",1,,"Mietpreis einschließlich: Gas, Wasser, Elektrizität, Kosten instandhalten",,Möbliert,1013 KD Amsterdam (Noord-Holland)
,"40 m²,40 m²","€ 90,-,€ 90,-",1,,Öffentliche Verkehrsmittel: Gut,,Möbliert,1012 AD Amsterdam (Noord-Holland)
,"75 m²,75 m²","€ 1.800,-,€ 1.800,-",1,,"Prezzo inclusivo: Gas, Acqua, Elettricità, Service costi",,Ammobiliato,1013 KD Amsterdam (Noord-Holland)
,"80 m²,80 m²","€ 175,-,€ 175,-",1,,Vasca da bagno,,Ammobiliato,1015 BX Amsterdam (Noord-Holland)
,"65 m²,65 m²","€ 1.600,-,€ 1.600,-",1,,,,Ammobiliato,1013 EL Amsterdam (Noord-Holland)
,"85 m²,85 m²","€ 2.250,-,€ 2.250,-",2,,,,Semiamueblado,1071 BB Amsterdam (Noord-Holland)
,"95 m²,95 m²","€ 1.750,-,€ 1.750,-",2,,Vasca da bagno,,Ammobiliato,1095 MA Amsterdam (Noord-Holland)
,,,,,,,,
,"110 m²,110 m²","€ 2.750,-,€ 2.750,-",2,,Materiales para suelo: Laminado,,Amueblado,1013 GG Amsterdam (Noord-Holland)
,"65 m²,65 m²","€ 1.600,-,€ 1.600,-",1,,,,Amueblado,1013 EL Amsterdam (Noord-Holland)
,"110 m²,110 m²","€ 2.750,-,€ 2.750,-",2,,Pavimentazione interna: Laminato,,Ammobiliato,1013 GG Amsterdam (Noord-Holland)
,"110 m²,110 m²","€ 2.750,-,€ 2.750,-",2,,Fußbodenbelag: Laminat ,,Möbliert,1013 GG Amsterdam (Noord-Holland)
,"75 m²,75 m²","€ 1.800,-,€ 1.800,-",1,,"Prix inclusive: Gaz, L'eau, Électricité, Coût de service",,Meublé,1013 KD Amsterdam (Noord-Holland)
,"75 m²,75 m²","€ 1.800,-,€ 1.800,-",1,,"Prix inclusive: Gaz, L'eau, Électricité, Coût de service",,Meublé,1013 KD Amsterdam (Noord-Holland)
,"75 m²,75 m²","€ 1.800,-,€ 1.800,-",1,,"Prix inclusive: Gaz, L'eau, Électricité, Coût de service",,Meublé,1013 KD Amsterdam (Noord-Holland)
,"40 m²,40 m²","€ 90,-,€ 90,-",1,,Quality of public transportation: Good,,Furnished,1012 AD Amsterdam (Noord-Holland)
,"65 m²,65 m²","€ 1.550,-,€ 1.550,-",1,,Qualité de transport public: Bonne,,Meublé,1013 EM Amsterdam (Noord-Holland)
,"65 m²,65 m²","€ 1.550,-,€ 1.550,-",1,,Qualità del trasporto pubblico: Buono,,Ammobiliato,1013 EM Amsterdam (Noord-Holland)
,"65 m²,65 m²","€ 1.550,-,€ 1.550,-",1,,Öffentliche Verkehrsmittel: Gut,,Möbliert,1013 EM Amsterdam (Noord-Holland)
,"110 m²,110 m²","€ 2.750,-,€ 2.750,-",2,,Revêtement de sol: Laminate,,Meublé,1013 GG Amsterdam (Noord-Holland)
,"80 m²,80 m²","€ 175,-,€ 175,-",1,,Bañera,,Amueblado,1015 BX Amsterdam (Noord-Holland)
,"65 m²,65 m²","€ 1.600,-,€ 1.600,-",1,,,,Möbliert,1013 EL Amsterdam (Noord-Holland)
,"80 m²,80 m²","€ 175,-,€ 175,-",1,,Badewanne,,Möbliert,1015 BX Amsterdam (Noord-Holland)
,"95 m²,95 m²","€ 1.750,-,€ 1.750,-",2,,Bañera,,Amueblado,1095 MA Amsterdam (Noord-Holland)
,"110 m²,110 m²","€ 2.750,-,€ 2.750,-",2,,Pavimentazione interna: Laminato,,Ammobiliato,1013 GG Amsterdam (Noord-Holland)
,"110 m²,110 m²","€ 2.750,-,€ 2.750,-",2,,Fußbodenbelag: Laminat ,,Möbliert,1013 GG Amsterdam (Noord-Holland)
,"110 m²,110 m²","€ 2.750,-,€ 2.750,-",2,,Pavimentazione interna: Laminato,,Ammobiliato,1013 GG Amsterdam (Noord-Holland)
,"55 m²,55 m²","€ 149,-,€ 149,-",1,,Erdgeschoß,,Möbliert,1015 DV Amsterdam (Noord-Holland)
,"110 m²,110 m²","€ 2.750,-,€ 2.750,-",2,,Fußbodenbelag: Laminat ,,Möbliert,1013 GG Amsterdam (Noord-Holland)
,"110 m²,110 m²","€ 2.750,-,€ 2.750,-",2,,Fußbodenbelag: Laminat ,,Möbliert,1013 GG Amsterdam (Noord-Holland)
,"110 m²,110 m²","€ 2.750,-,€ 2.750,-",2,,Fußbodenbelag: Laminat ,,Möbliert,1013 GG Amsterdam (Noord-Holland)
,"65 m²,65 m²","€ 1.550,-,€ 1.550,-",1,,Qualità del trasporto pubblico: Buono,,Ammobiliato,1013 EM Amsterdam (Noord-Holland)
,"65 m²,65 m²","€ 1.550,-,€ 1.550,-",1,,Qualité de transport public: Bonne,,Meublé,1013 EM Amsterdam (Noord-Holland)
,"65 m²,65 m²","€ 1.550,-,€ 1.550,-",1,,Öffentliche Verkehrsmittel: Gut,,Möbliert,1013 EM Amsterdam (Noord-Holland)
,"110 m²,110 m²","€ 2.750,-,€ 2.750,-",2,,Revêtement de sol: Laminate,,Meublé,1013 GG Amsterdam (Noord-Holland)
,"65 m²,65 m²","€ 1.600,-,€ 1.600,-",1,,,,Möbliert,1013 EL Amsterdam (Noord-Holland)
,"80 m²,80 m²","€ 175,-,€ 175,-",1,,Bañera,,Amueblado,1015 BX Amsterdam (Noord-Holland)
,,,,,,,,
,"75 m²,75 m²","€ 1.800,-,€ 1.800,-",1,,"Prix inclusive: Gaz, L'eau, Électricité, Coût de service",,Meublé,1013 KD Amsterdam (Noord-Holland)
,"80 m²,80 m²","€ 175,-,€ 175,-",1,,Badewanne,,Möbliert,1015 BX Amsterdam (Noord-Holland)
,,,,,,,,
,"80 m²,80 m²","€ 175,-,€ 175,-",1,,Badewanne,,Möbliert,1015 BX Amsterdam (Noord-Holland)
,"95 m²,95 m²","€ 1.750,-,€ 1.750,-",2,,Bañera,,Amueblado,1095 MA Amsterdam (Noord-Holland)
,"95 m²,95 m²","€ 1.750,-,€ 1.750,-",2,,Bañera,,Amueblado,1095 MA Amsterdam (Noord-Holland)
,"95 m²,95 m²","€ 1.750,-,€ 1.750,-",2,,Bañera,,Amueblado,1095 MA Amsterdam (Noord-Holland)
,"55 m²,55 m²","€ 149,-,€ 149,-",1,,Erdgeschoß,,Möbliert,1015 DV Amsterdam (Noord-Holland)
,,,,,,,,
,"55 m²,55 m²","€ 149,-,€ 149,-",1,,Erdgeschoß,,Möbliert,1015 DV Amsterdam (Noord-Holland)
,"55 m²,55 m²","€ 149,-,€ 149,-",1,,Erdgeschoß,,Möbliert,1015 DV Amsterdam (Noord-Holland)
,"55 m²,55 m²","€ 149,-,€ 149,-",1,,Erdgeschoß,,Möbliert,1015 DV Amsterdam (Noord-Holland)
,"55 m²,55 m²","€ 149,-,€ 149,-",1,,Erdgeschoß,,Möbliert,1015 DV Amsterdam (Noord-Holland)
,"55 m²,55 m²","€ 149,-,€ 149,-",1,,Erdgeschoß,,Möbliert,1015 DV Amsterdam (Noord-Holland)
,"55 m²,55 m²","€ 149,-,€ 149,-",1,,Erdgeschoß,,Möbliert,1015 DV Amsterdam (Noord-Holland)
,"65 m²,65 m²","€ 1.600,-,€ 1.600,-",1,,,,Meublé,1013 EL Amsterdam (Noord-Holland)
,,,,,,,,
,"80 m²,80 m²","€ 175,-,€ 175,-",1,,Badewanne,,Möbliert,1015 BX Amsterdam (Noord-Holland)
,,,,,,,,
,"40 m²,40 m²","€ 150,-,€ 150,-",1,,,,Möbliert,1016 XV Amsterdam (Noord-Holland)
,"40 m²,40 m²","€ 150,-,€ 150,-",1,,,,Möbliert,1016 XV Amsterdam (Noord-Holland)
,"95 m²,95 m²","€ 1.750,-,€ 1.750,-",2,,Bañera,,Amueblado,1095 MA Amsterdam (Noord-Holland)
,"95 m²,95 m²","€ 1.750,-,€ 1.750,-",2,,Badewanne,,Möbliert,1095 MA Amsterdam (Noord-Holland)
,"95 m²,95 m²","€ 1.750,-,€ 1.750,-",2,,Badewanne,,Möbliert,1095 MA Amsterdam (Noord-Holland)
,"55 m²,55 m²","€ 149,-,€ 149,-",1,,Planta baja,,Amueblado,1015 DV Amsterdam (Noord-Holland)
,"110 m²,110 m²","€ 2.750,-,€ 2.750,-",2,,Öffentliche Verkehrsmittel: Gut,,Möbliert,1012 DV Amsterdam (Noord-Holland)
,"55 m²,55 m²","€ 149,-,€ 149,-",1,,Erdgeschoß,,Möbliert,1015 DV Amsterdam (Noord-Holland)
,"55 m²,55 m²","€ 149,-,€ 149,-",1,,Planta baja,,Amueblado,1015 DV Amsterdam (Noord-Holland)
,"110 m²,110 m²","€ 3.500,-,€ 3.500,-",3,,Öffentliche Verkehrsmittel: Gut,,Möbliert,1012 DV Amsterdam (Noord-Holland)
,"110 m²,110 m²","€ 2.750,-,€ 2.750,-",2,,Öffentliche Verkehrsmittel: Gut,,Möbliert,1012 DV Amsterdam (Noord-Holland)
,"55 m²,55 m²","€ 149,-,€ 149,-",1,,Planta baja,,Amueblado,1015 DV Amsterdam (Noord-Holland)
,"55 m²,55 m²","€ 149,-,€ 149,-",1,,Planta baja,,Amueblado,1015 DV Amsterdam (Noord-Holland)
,"65 m²,65 m²","€ 1.600,-,€ 1.600,-",1,,,,Meublé,1013 EL Amsterdam (Noord-Holland)
,"40 m²,40 m²","€ 150,-,€ 150,-",1,,,,Möbliert,1016 XV Amsterdam (Noord-Holland)
,"80 m²,80 m²","€ 175,-,€ 175,-",1,,Vasca da bagno,,Ammobiliato,1015 BX Amsterdam (Noord-Holland)
,"80 m²,80 m²","€ 175,-,€ 175,-",1,,Bañera,,Amueblado,1015 BX Amsterdam (Noord-Holland)
,,,,,,,,
,"40 m²,40 m²","€ 150,-,€ 150,-",1,,,,Amueblado,1016 XV Amsterdam (Noord-Holland)
,"40 m²,40 m²","€ 150,-,€ 150,-",1,,,,Ammobiliato,1016 XV Amsterdam (Noord-Holland)
,"95 m²,95 m²","€ 1.750,-,€ 1.750,-",2,,Badewanne,,Möbliert,1095 MA Amsterdam (Noord-Holland)
,"110 m²,110 m²","€ 2.750,-,€ 2.750,-",2,,Öffentliche Verkehrsmittel: Gut,,Möbliert,1012 DV Amsterdam (Noord-Holland)
,"110 m²,110 m²","€ 2.750,-,€ 2.750,-",2,,Öffentliche Verkehrsmittel: Gut,,Möbliert,1012 DV Amsterdam (Noord-Holland)
,"95 m²,95 m²","€ 1.750,-,€ 1.750,-",2,,Badewanne,,Möbliert,1095 MA Amsterdam (Noord-Holland)
,"55 m²,55 m²","€ 149,-,€ 149,-",1,,Planta baja,,Amueblado,1015 DV Amsterdam (Noord-Holland)
,"55 m²,55 m²","€ 149,-,€ 149,-",1,,Planta baja,,Amueblado,1015 DV Amsterdam (Noord-Holland)
,"110 m²,110 m²","€ 3.500,-,€ 3.500,-",3,,Öffentliche Verkehrsmittel: Gut,,Möbliert,1012 DV Amsterdam (Noord-Holland)
,"40 m²,40 m²","€ 1.325,-,€ 1.325,-",1,,,,Möbliert,1011 KJ Amsterdam (Noord-Holland)
,"85 m²,85 m²","€ 1.875,-,€ 1.875,-",1,,,,Möbliert,1012 JS Amsterdam (Noord-Holland)
,"40 m²,40 m²","€ 150,-,€ 150,-",1,,,,Amueblado,1016 XV Amsterdam (Noord-Holland)
,"40 m²,40 m²","€ 150,-,€ 150,-",1,,,,Ammobiliato,1016 XV Amsterdam (Noord-Holland)
,"40 m²,40 m²","€ 150,-,€ 150,-",1,,,,Meublé,1016 XV Amsterdam (Noord-Holland)
,,,,,,,,
,"110 m²,110 m²","€ 2.750,-,€ 2.750,-",2,,Öffentliche Verkehrsmittel: Gut,,Möbliert,1012 DV Amsterdam (Noord-Holland)
,"40 m²,40 m²","€ 150,-,€ 150,-",1,,,,Ammobiliato,1016 XV Amsterdam (Noord-Holland)
,"40 m²,40 m²","€ 150,-,€ 150,-",1,,,,Amueblado,1016 XV Amsterdam (Noord-Holland)
,"95 m²,95 m²","€ 1.750,-,€ 1.750,-",2,,Bain,,Meublé,1095 MA Amsterdam (Noord-Holland)
,"110 m²,110 m²","€ 2.750,-,€ 2.750,-",2,,Calidad del transporte público: Bueno,,Amueblado,1012 DV Amsterdam (Noord-Holland)
,"95 m²,95 m²","€ 1.750,-,€ 1.750,-",2,,Bain,,Meublé,1095 MA Amsterdam (Noord-Holland)
,"95 m²,95 m²","€ 1.750,-,€ 1.750,-",2,,Bath tub,,Furnished,1095 MA Amsterdam (Noord-Holland)
,"80 m²,80 m²","€ 190,-,€ 190,-",2,,,,Amueblado,1012 LR Amsterdam (Noord-Holland)
,"110 m²,110 m²","€ 3.500,-,€ 3.500,-",3,,Calidad del transporte público: Bueno,,Amueblado,1012 DV Amsterdam (Noord-Holland)
,"110 m²,110 m²","€ 3.500,-,€ 3.500,-",3,,Qualità del trasporto pubblico: Buono,,Ammobiliato,1012 DV Amsterdam (Noord-Holland)
,"150 m²,150 m²","€ 2.200,-,€ 2.200,-",1,,,,"Möbliert,oder unmöbliert",1012 EL Amsterdam (Noord-Holland)
,"135 m²,135 m²","€ 2.750,-,€ 2.750,-",2,,,,Unmöbliert,1012 EX Amsterdam (Noord-Holland)
,"85 m²,85 m²","€ 1.875,-,€ 1.875,-",1,,,,Möbliert,1012 JS Amsterdam (Noord-Holland)
,"85 m²,85 m²","€ 1.875,-,€ 1.875,-",1,,,,Möbliert,1012 JS Amsterdam (Noord-Holland)
,"85 m²,85 m²","€ 1.875,-,€ 1.875,-",1,,,,Möbliert,1012 JS Amsterdam (Noord-Holland)
,"110 m²,110 m²","€ 2.750,-,€ 2.750,-",2,,Qualità del trasporto pubblico: Buono,,Ammobiliato,1012 DV Amsterdam (Noord-Holland)
,"40 m²,40 m²","€ 150,-,€ 150,-",1,,,,Meublé,1016 XV Amsterdam (Noord-Holland)
,"110 m²,110 m²","€ 2.750,-,€ 2.750,-",2,,Calidad del transporte público: Bueno,,Amueblado,1012 DV Amsterdam (Noord-Holland)
,,,,,,,,
,"190 m²,190 m²","€ 1.950,-,€ 1.950,-",1,,Parking possibility,,"Furnished,or unfurnished",8376 HG Ossenzijl (Overijssel)
,"40 m²,40 m²","€ 150,-,€ 150,-",1,,,,Furnished,1016 XV Amsterdam (Noord-Holland)
,"110 m²,110 m²","€ 2.750,-,€ 2.750,-",2,,Calidad del transporte público: Bueno,,Amueblado,1012 DV Amsterdam (Noord-Holland)
,"110 m²,110 m²","€ 2.750,-,€ 2.750,-",2,,Calidad del transporte público: Bueno,,Amueblado,1012 DV Amsterdam (Noord-Holland)
,"110 m²,110 m²","€ 3.500,-,€ 3.500,-",3,,Calidad del transporte público: Bueno,,Amueblado,1012 DV Amsterdam (Noord-Holland)
,"110 m²,110 m²","€ 3.500,-,€ 3.500,-",3,,Qualità del trasporto pubblico: Buono,,Ammobiliato,1012 DV Amsterdam (Noord-Holland)
,"80 m²,80 m²","€ 190,-,€ 190,-",2,,,,Amueblado,1012 LR Amsterdam (Noord-Holland)
,"150 m²,150 m²","€ 2.200,-,€ 2.200,-",1,,,,"Möbliert,oder unmöbliert",1012 EL Amsterdam (Noord-Holland)
,"135 m²,135 m²","€ 2.750,-,€ 2.750,-",2,,,,Unmöbliert,1012 EX Amsterdam (Noord-Holland)
,"95 m²,95 m²","€ 1.750,-,€ 1.750,-",2,,Bath tub,,Furnished,1095 MA Amsterdam (Noord-Holland)
,"85 m²,85 m²","€ 1.875,-,€ 1.875,-",1,,,,Möbliert,1012 JS Amsterdam (Noord-Holland)
,"85 m²,85 m²","€ 1.875,-,€ 1.875,-",1,,,,Amueblado,1012 JS Amsterdam (Noord-Holland)
,"85 m²,85 m²","€ 1.875,-,€ 1.875,-",1,,,,Amueblado,1012 JS Amsterdam (Noord-Holland)
,"110 m²,110 m²","€ 2.750,-,€ 2.750,-",2,,Qualità del trasporto pubblico: Buono,,Ammobiliato,1012 DV Amsterdam (Noord-Holland)
,"110 m²,110 m²","€ 2.750,-,€ 2.750,-",2,,Qualità del trasporto pubblico: Buono,,Ammobiliato,1012 DV Amsterdam (Noord-Holland)
,"110 m²,110 m²","€ 2.750,-,€ 2.750,-",2,,Qualità del trasporto pubblico: Buono,,Ammobiliato,1012 DV Amsterdam (Noord-Holland)
,"190 m²,190 m²","€ 1.950,-,€ 1.950,-",1,,Parking possibility,,"Furnished,or unfurnished",8376 HG Ossenzijl (Overijssel)
,"190 m²,190 m²","€ 1.950,-,€ 1.950,-",1,,Parking possibility,,"Furnished,or unfurnished",8376 HG Ossenzijl (Overijssel)
,"40 m²,40 m²","€ 150,-,€ 150,-",1,,,,Furnished,1016 XV Amsterdam (Noord-Holland)
,"90 m²,90 m²","€ 1.500,-,€ 1.500,-",2,,Stockage,,Meublé,1083 EH Amsterdam (Noord-Holland)
,"110 m²,110 m²","€ 3.500,-,€ 3.500,-",3,,Calidad del transporte público: Bueno,,Amueblado,1012 DV Amsterdam (Noord-Holland)
,"110 m²,110 m²","€ 3.500,-,€ 3.500,-",3,,Qualità del trasporto pubblico: Buono,,Ammobiliato,1012 DV Amsterdam (Noord-Holland)
,"110 m²,110 m²","€ 2.750,-,€ 2.750,-",2,,Qualité de transport public: Bonne,,Meublé,1012 DV Amsterdam (Noord-Holland)
,"150 m²,150 m²","€ 2.200,-,€ 2.200,-",1,,,,"Amueblado,o semiamueblado",1012 EL Amsterdam (Noord-Holland)
,"135 m²,135 m²","€ 2.750,-,€ 2.750,-",2,,,,Semiamueblado,1012 EX Amsterdam (Noord-Holland)
,"80 m²,80 m²","€ 190,-,€ 190,-",2,,,,Ammobiliato,1012 LR Amsterdam (Noord-Holland)
,"85 m²,85 m²","€ 1.875,-,€ 1.875,-",1,,,,Amueblado,1012 JS Amsterdam (Noord-Holland)
,"135 m²,135 m²","€ 2.750,-,€ 2.750,-",2,,,,Tappezzato,1012 EX Amsterdam (Noord-Holland)
,"85 m²,85 m²","€ 1.875,-,€ 1.875,-",1,,,,Amueblado,1012 JS Amsterdam (Noord-Holland)
,"85 m²,85 m²","€ 1.875,-,€ 1.875,-",1,,,,Amueblado,1012 JS Amsterdam (Noord-Holland)
,"85 m²,85 m²","€ 1.875,-,€ 1.875,-",1,,,,Amueblado,1012 JS Amsterdam (Noord-Holland)
,"190 m²,190 m²","€ 1.950,-,€ 1.950,-",1,,Estacionando posible,,"Amueblado,o semiamueblado",8376 HG Ossenzijl (Overijssel)
,"110 m²,110 m²","€ 2.750,-,€ 2.750,-",2,,Qualité de transport public: Bonne,,Meublé,1012 DV Amsterdam (Noord-Holland)
,"40 m²,40 m²","€ 150,-,€ 150,-",1,,,,Furnished,1016 XV Amsterdam (Noord-Holland)
,"90 m²,90 m²","€ 1.500,-,€ 1.500,-",2,,Stockage,,Meublé,1083 EH Amsterdam (Noord-Holland)
,"110 m²,110 m²","€ 2.750,-,€ 2.750,-",2,,Quality of public transportation: Good,,Furnished,1012 DV Amsterdam (Noord-Holland)
,,,,,,,,
,"110 m²,110 m²","€ 3.500,-,€ 3.500,-",3,,Qualité de transport public: Bonne,,Meublé,1012 DV Amsterdam (Noord-Holland)
,"110 m²,110 m²","€ 3.500,-,€ 3.500,-",3,,Öffentliche Verkehrsmittel: Gut,,Möbliert,1012 DV Amsterdam (Noord-Holland)
,"135 m²,135 m²","€ 2.750,-,€ 2.750,-",2,,,,Semiamueblado,1012 EX Amsterdam (Noord-Holland)
,"110 m²,110 m²","€ 2.750,-,€ 2.750,-",2,,Qualité de transport public: Bonne,,Meublé,1012 DV Amsterdam (Noord-Holland)
,"80 m²,80 m²","€ 190,-,€ 190,-",2,,,,Ammobiliato,1012 LR Amsterdam (Noord-Holland)
,"135 m²,135 m²","€ 2.750,-,€ 2.750,-",2,,,,Tappezzato,1012 EX Amsterdam (Noord-Holland)
,"85 m²,85 m²","€ 1.875,-,€ 1.875,-",1,,,,Ammobiliato,1012 JS Amsterdam (Noord-Holland)
,"80 m²,80 m²","€ 190,-,€ 190,-",2,,,,Ammobiliato,1012 LR Amsterdam (Noord-Holland)
,"85 m²,85 m²","€ 1.875,-,€ 1.875,-",1,,,,Ammobiliato,1012 JS Amsterdam (Noord-Holland)
,"85 m²,85 m²","€ 1.875,-,€ 1.875,-",1,,,,Ammobiliato,1012 JS Amsterdam (Noord-Holland)
,"190 m²,190 m²","€ 1.950,-,€ 1.950,-",1,,Estacionando posible,,"Amueblado,o semiamueblado",8376 HG Ossenzijl (Overijssel)
,"190 m²,190 m²","€ 1.950,-,€ 1.950,-",1,,Estacionando posible,,"Amueblado,o semiamueblado",8376 HG Ossenzijl (Overijssel)
,"190 m²,190 m²","€ 1.950,-,€ 1.950,-",1,,Estacionando posible,,"Amueblado,o semiamueblado",8376 HG Ossenzijl (Overijssel)
,"110 m²,110 m²","€ 2.750,-,€ 2.750,-",2,,Qualité de transport public: Bonne,,Meublé,1012 DV Amsterdam (Noord-Holland)
,"110 m²,110 m²","€ 2.750,-,€ 2.750,-",2,,Quality of public transportation: Good,,Furnished,1012 DV Amsterdam (Noord-Holland)
,,,,,,,,
,"110 m²,110 m²","€ 3.500,-,€ 3.500,-",3,,Qualité de transport public: Bonne,,Meublé,1012 DV Amsterdam (Noord-Holland)
,"85 m²,85 m²","€ 1.175,-,€ 1.175,-",1,,Espacio de depósito,,Amueblado,1017 AG Amsterdam (Noord-Holland)
,"135 m²,135 m²","€ 2.750,-,€ 2.750,-",2,,,,Semiamueblado,1012 EX Amsterdam (Noord-Holland)
,"110 m²,110 m²","€ 3.500,-,€ 3.500,-",3,,Qualité de transport public: Bonne,,Meublé,1012 DV Amsterdam (Noord-Holland)
,"110 m²,110 m²","€ 3.500,-,€ 3.500,-",3,,Qualité de transport public: Bonne,,Meublé,1012 DV Amsterdam (Noord-Holland)
,"80 m²,80 m²","€ 190,-,€ 190,-",2,,,,Ammobiliato,1012 LR Amsterdam (Noord-Holland)
,"135 m²,135 m²","€ 2.750,-,€ 2.750,-",2,,,,Tappezzato,1012 EX Amsterdam (Noord-Holland)
,,,,,,,,
,"190 m²,190 m²","€ 1.950,-,€ 1.950,-",1,,Posto auto possibile,,"Ammobiliato,o tappezzato",8376 HG Ossenzijl (Overijssel)
,"80 m²,80 m²","€ 190,-,€ 190,-",2,,,,Möbliert,1012 LR Amsterdam (Noord-Holland)
,"190 m²,190 m²","€ 1.950,-,€ 1.950,-",1,,Posto auto possibile,,"Ammobiliato,o tappezzato",8376 HG Ossenzijl (Overijssel)
,"80 m²,80 m²","€ 190,-,€ 190,-",2,,,,Meublé,1012 LR Amsterdam (Noord-Holland)
,"80 m²,80 m²","€ 190,-,€ 190,-",2,,,,Furnished,1012 LR Amsterdam (Noord-Holland)
,"110 m²,110 m²","€ 2.750,-,€ 2.750,-",2,,Calidad del transporte público: Bueno,,Amueblado,1012 DV Amsterdam (Noord-Holland)
,"80 m²,80 m²","€ 610,-,€ 610,-",2,,,,Semiamueblado,7557 BJ Hengelo (Overijssel)
,"110 m²,110 m²","€ 3.500,-,€ 3.500,-",3,,Quality of public transportation: Good,,Furnished,1012 DV Amsterdam (Noord-Holland)
,"110 m²,110 m²","€ 2.750,-,€ 2.750,-",2,,Qualità del trasporto pubblico: Buono,,Ammobiliato,1012 DV Amsterdam (Noord-Holland)
,"135 m²,135 m²","€ 2.750,-,€ 2.750,-",2,,,,Unmöbliert,1012 EX Amsterdam (Noord-Holland)
,"85 m²,85 m²","€ 1.175,-,€ 1.175,-",1,,Espacio de depósito,,Amueblado,1017 AG Amsterdam (Noord-Holland)
,"80 m²,80 m²","€ 800,-,€ 800,-",2,,Estacionando posible,,Amueblado,7547 RX Enschede (Overijssel)
,,,,,,,,
,"110 m²,110 m²","€ 3.500,-,€ 3.500,-",3,,Quality of public transportation: Good,,Furnished,1012 DV Amsterdam (Noord-Holland)
,"80 m²,80 m²","€ 190,-,€ 190,-",2,,,,Amueblado,1012 LR Amsterdam (Noord-Holland)
,"80 m²,80 m²","€ 190,-,€ 190,-",2,,,,Möbliert,1012 LR Amsterdam (Noord-Holland)
,"80 m²,80 m²","€ 190,-,€ 190,-",2,,,,Möbliert,1012 LR Amsterdam (Noord-Holland)
,"80 m²,80 m²","€ 190,-,€ 190,-",2,,,,Meublé,1012 LR Amsterdam (Noord-Holland)
,"80 m²,80 m²","€ 190,-,€ 190,-",2,,,,Furnished,1012 LR Amsterdam (Noord-Holland)
,"80 m²,80 m²","€ 190,-,€ 190,-",2,,,,Möbliert,1012 LR Amsterdam (Noord-Holland)
,"80 m²,80 m²","€ 190,-,€ 190,-",2,,,,Furnished,1012 LR Amsterdam (Noord-Holland)
,"80 m²,80 m²","€ 610,-,€ 610,-",2,,,,Semiamueblado,7557 BJ Hengelo (Overijssel)
,"110 m²,110 m²","€ 3.500,-,€ 3.500,-",3,,Quality of public transportation: Good,,Furnished,1012 DV Amsterdam (Noord-Holland)
,"110 m²,110 m²","€ 3.500,-,€ 3.500,-",3,,Quality of public transportation: Good,,Furnished,1012 DV Amsterdam (Noord-Holland)
,,,,,,,,
,,,,,,,,
,"80 m²,80 m²","€ 610,-,€ 610,-",2,,,,Semiamueblado,7557 BJ Hengelo (Overijssel)
,,,,,,,,
,"80 m²,80 m²","€ 800,-,€ 800,-",2,,Estacionando posible,,Amueblado,7547 RX Enschede (Overijssel)
,,,,,,,,
,"85 m²,85 m²","€ 1.175,-,€ 1.175,-",1,,Ripostiglio,,Ammobiliato,1017 AG Amsterdam (Noord-Holland)
,,,,,,,,
,,,,,,,,
,"80 m²,80 m²","€ 800,-,€ 800,-",2,,Estacionando posible,,Amueblado,7547 RX Enschede (Overijssel)
,"110 m²,110 m²","€ 3.500,-,€ 3.500,-",3,,Quality of public transportation: Good,,Furnished,1012 DV Amsterdam (Noord-Holland)
,"80 m²,80 m²","€ 800,-,€ 800,-",2,,Estacionando posible,,Amueblado,7547 RX Enschede (Overijssel)
,"80 m²,80 m²","€ 800,-,€ 800,-",2,,Estacionando posible,,Amueblado,7547 RX Enschede (Overijssel)
,"80 m²,80 m²","€ 800,-,€ 800,-",2,,Estacionando posible,,Amueblado,7547 RX Enschede (Overijssel)
,"180 m²,180 m²","€ 2.200,-,€ 2.200,-",5,,Posto auto possibile,,"Ammobiliato,o tappezzato",8066 PT Belt-Schutsloot (Overijssel)
,"80 m²,80 m²","€ 610,-,€ 610,-",2,,,,Semiamueblado,7557 BJ Hengelo (Overijssel)
,"85 m²,85 m²","€ 1.175,-,€ 1.175,-",1,,Ripostiglio,,Ammobiliato,1017 AG Amsterdam (Noord-Holland)
,"180 m²,180 m²","€ 2.200,-,€ 2.200,-",5,,Posto auto possibile,,"Ammobiliato,o tappezzato",8066 PT Belt-Schutsloot (Overijssel)
,"80 m²,80 m²","€ 800,-,€ 800,-",2,,Posto auto possibile,,Ammobiliato,7547 RX Enschede (Overijssel)
,"110 m²,110 m²","€ 925,-,€ 925,-",3,,Posto auto possibile,,Ammobiliato,9001 ZW Grou (Friesland)
,"80 m²,80 m²","€ 610,-,€ 610,-",2,,,,Tappezzato,7557 BJ Hengelo (Overijssel)
,"80 m²,80 m²","€ 610,-,€ 610,-",2,,,,Unmöbliert,7557 BJ Hengelo (Overijssel)
,"85 m²,85 m²","€ 1.175,-,€ 1.175,-",1,,Ripostiglio,,Ammobiliato,1017 AG Amsterdam (Noord-Holland)
,"85 m²,85 m²","€ 1.175,-,€ 1.175,-",1,,Ripostiglio,,Ammobiliato,1017 AG Amsterdam (Noord-Holland)
,"80 m²,80 m²","€ 610,-,€ 610,-",2,,,,"Non,meublé",7557 BJ Hengelo (Overijssel)
,"110 m²,110 m²","€ 1.000,-,€ 1.000,-",1,,,,Semiamueblado,6511 RV Nijmegen (Gelderland)
,"80 m²,80 m²","€ 800,-,€ 800,-",2,,Posto auto possibile,,Ammobiliato,7547 RX Enschede (Overijssel)
,"110 m²,110 m²","€ 3.500,-,€ 3.500,-",3,,Calidad del transporte público: Bueno,,Amueblado,1012 DV Amsterdam (Noord-Holland)
,"80 m²,80 m²","€ 800,-,€ 800,-",2,,Posto auto possibile,,Ammobiliato,7547 RX Enschede (Overijssel)
,"85 m²,85 m²","€ 1.175,-,€ 1.175,-",1,,Ripostiglio,,Ammobiliato,1017 AG Amsterdam (Noord-Holland)
,"180 m²,180 m²","€ 2.200,-,€ 2.200,-",5,,Posto auto possibile,,"Ammobiliato,o tappezzato",8066 PT Belt-Schutsloot (Overijssel)
,"180 m²,180 m²","€ 2.200,-,€ 2.200,-",5,,Posto auto possibile,,"Ammobiliato,o tappezzato",8066 PT Belt-Schutsloot (Overijssel)
,"80 m²,80 m²","€ 800,-,€ 800,-",2,,Posto auto possibile,,Ammobiliato,7547 RX Enschede (Overijssel)
,"80 m²,80 m²","€ 800,-,€ 800,-",2,,Posto auto possibile,,Ammobiliato,7547 RX Enschede (Overijssel)
,"180 m²,180 m²","€ 2.200,-,€ 2.200,-",5,,Estacionando posible,,"Amueblado,o semiamueblado",8066 PT Belt-Schutsloot (Overijssel)
,"110 m²,110 m²","€ 925,-,€ 925,-",3,,Posto auto possibile,,Ammobiliato,9001 ZW Grou (Friesland)
,"80 m²,80 m²","€ 610,-,€ 610,-",2,,,,Tappezzato,7557 BJ Hengelo (Overijssel)
,"85 m²,85 m²","€ 1.175,-,€ 1.175,-",1,,Abstellraum,,Möbliert,1017 AG Amsterdam (Noord-Holland)
,"85 m²,85 m²","€ 1.175,-,€ 1.175,-",1,,Stockage,,Meublé,1017 AG Amsterdam (Noord-Holland)
,"80 m²,80 m²","€ 610,-,€ 610,-",2,,,,"Non,meublé",7557 BJ Hengelo (Overijssel)
,"80 m²,80 m²","€ 610,-,€ 610,-",2,,,,Unmöbliert,7557 BJ Hengelo (Overijssel)
,"110 m²,110 m²","€ 1.000,-,€ 1.000,-",1,,,,Semiamueblado,6511 RV Nijmegen (Gelderland)
,"110 m²,110 m²","€ 1.000,-,€ 1.000,-",1,,,,Semiamueblado,6511 RV Nijmegen (Gelderland)
,"110 m²,110 m²","€ 1.000,-,€ 1.000,-",1,,,,Semiamueblado,6511 RV Nijmegen (Gelderland)
,,,,,,,,
,"110 m²,110 m²","€ 1.000,-,€ 1.000,-",1,,,,Semiamueblado,6511 RV Nijmegen (Gelderland)
,,,,,,,,
,"110 m²,110 m²","€ 1.000,-,€ 1.000,-",1,,,,Semiamueblado,6511 RV Nijmegen (Gelderland)
,"180 m²,180 m²","€ 2.200,-,€ 2.200,-",5,,Estacionando posible,,"Amueblado,o semiamueblado",8066 PT Belt-Schutsloot (Overijssel)
,"16 m²,16 m²","€ 300,-,€ 300,-",1,,,,Tappezzato,7521 AK Enschede (Overijssel)
,,,,,,,,
,"180 m²,180 m²","€ 2.200,-,€ 2.200,-",5,,Estacionando posible,,"Amueblado,o semiamueblado",8066 PT Belt-Schutsloot (Overijssel)
,"110 m²,110 m²","€ 925,-,€ 925,-",3,,Estacionando posible,,Amueblado,9001 ZW Grou (Friesland)
,"110 m²,110 m²","€ 1.000,-,€ 1.000,-",1,,,,Semiamueblado,6511 RV Nijmegen (Gelderland)
,"85 m²,85 m²","€ 1.175,-,€ 1.175,-",1,,Abstellraum,,Möbliert,1017 AG Amsterdam (Noord-Holland)
,"85 m²,85 m²","€ 1.175,-,€ 1.175,-",1,,Stockage,,Meublé,1017 AG Amsterdam (Noord-Holland)
,"110 m²,110 m²","€ 1.000,-,€ 1.000,-",1,,,,Tappezzato,6511 RV Nijmegen (Gelderland)
,,,,,,,,
,"110 m²,110 m²","€ 1.000,-,€ 1.000,-",1,,,,Tappezzato,6511 RV Nijmegen (Gelderland)
,"85 m²,85 m²","€ 1.175,-,€ 1.175,-",1,,Stockage,,Meublé,1017 AG Amsterdam (Noord-Holland)
,"110 m²,110 m²","€ 1.000,-,€ 1.000,-",1,,,,Tappezzato,6511 RV Nijmegen (Gelderland)
,,,,,,,,
,"16 m²,16 m²","€ 300,-,€ 300,-",1,,,,Tappezzato,7521 AK Enschede (Overijssel)
,"110 m²,110 m²","€ 1.000,-,€ 1.000,-",1,,,,Unmöbliert,6511 RV Nijmegen (Gelderland)
,"16 m²,16 m²","€ 300,-,€ 300,-",1,,,,Tappezzato,7521 AK Enschede (Overijssel)
,"110 m²,110 m²","€ 1.000,-,€ 1.000,-",1,,,,Tappezzato,6511 RV Nijmegen (Gelderland)
,"110 m²,110 m²","€ 1.000,-,€ 1.000,-",1,,,,Unmöbliert,6511 RV Nijmegen (Gelderland)
,"71 m²,71 m²","€ 880,-,€ 880,-",2,,Bañera,,Vacío,3863 ZV Nijkerk (Gelderland)
,"180 m²,180 m²","€ 2.200,-,€ 2.200,-",5,,Parken möglich,,"Möbliert,oder unmöbliert",8066 PT Belt-Schutsloot (Overijssel)
,"110 m²,110 m²","€ 1.000,-,€ 1.000,-",1,,,,Tappezzato,6511 RV Nijmegen (Gelderland)
,"110 m²,110 m²","€ 1.000,-,€ 1.000,-",1,,,,Unmöbliert,6511 RV Nijmegen (Gelderland)
,"110 m²,110 m²","€ 925,-,€ 925,-",3,,Estacionando posible,,Amueblado,9001 ZW Grou (Friesland)
,"176 m²,176 m²","€ 3.250,-,€ 3.250,-",4,,,,Meublé,1017 JH Amsterdam (Noord-Holland)
,,,,,,,,
,"230 m²,230 m²","€ 5.450,-,€ 5.450,-",5,,,,Meublé,1017 JH Amsterdam (Noord-Holland)
,"150 m²,150 m²","€ 2.600,-,€ 2.600,-",5,,Estacionando posible,,Amueblado,1187 EC Amstelveen (Noord-Holland)
,"180 m²,180 m²","€ 2.495,-,€ 2.495,-",5,,Estacionando posible,,Semiamueblado,5507 NX Veldhoven (Noord-Brabant)
,"180 m²,180 m²","€ 2.495,-,€ 2.495,-",5,,Estacionando posible,,Semiamueblado,5507 NX Veldhoven (Noord-Brabant)
,"85 m²,85 m²","€ 1.175,-,€ 1.175,-",1,,Storage,,Furnished,1017 AG Amsterdam (Noord-Holland)
,"16 m²,16 m²","€ 300,-,€ 300,-",1,,,,Tappezzato,7521 AK Enschede (Overijssel)
,"110 m²,110 m²","€ 1.000,-,€ 1.000,-",1,,,,Unmöbliert,6511 RV Nijmegen (Gelderland)
,"16 m²,16 m²","€ 300,-,€ 300,-",1,,,,Semiamueblado,7521 AK Enschede (Overijssel)
,,,,,,,,
,"16 m²,16 m²","€ 300,-,€ 300,-",1,,,,Unmöbliert,7521 AK Enschede (Overijssel)
,"110 m²,110 m²","€ 925,-,€ 925,-",3,,Estacionando posible,,Amueblado,9001 ZW Grou (Friesland)
,,,,,,,,
,"71 m²,71 m²","€ 880,-,€ 880,-",2,,Bañera,,Vacío,3863 ZV Nijkerk (Gelderland)
,,,,,,,,
,"71 m²,71 m²","€ 880,-,€ 880,-",2,,Bañera,,Vacío,3863 ZV Nijkerk (Gelderland)
,"180 m²,180 m²","€ 2.200,-,€ 2.200,-",5,,Parken möglich,,"Möbliert,oder unmöbliert",8066 PT Belt-Schutsloot (Overijssel)
,,,,,,,,
,"176 m²,176 m²","€ 3.250,-,€ 3.250,-",4,,,,Meublé,1017 JH Amsterdam (Noord-Holland)
,,,,,,,,
,"150 m²,150 m²","€ 2.600,-,€ 2.600,-",5,,Estacionando posible,,Amueblado,1187 EC Amstelveen (Noord-Holland)
,"16 m²,16 m²","€ 300,-,€ 300,-",1,,,,Semiamueblado,7521 AK Enschede (Overijssel)
,"180 m²,180 m²","€ 2.495,-,€ 2.495,-",5,,Estacionando posible,,Semiamueblado,5507 NX Veldhoven (Noord-Brabant)
,"150 m²,150 m²","€ 2.600,-,€ 2.600,-",5,,Estacionando posible,,Amueblado,1187 EC Amstelveen (Noord-Holland)
,"16 m²,16 m²","€ 300,-,€ 300,-",1,,,,Semiamueblado,7521 AK Enschede (Overijssel)
,"22 m²,22 m²","€ 500,-,€ 500,-",1,,,,Möbliert,6522 AM Nijmegen (Gelderland)
,"16 m²,16 m²","€ 300,-,€ 300,-",1,,,,Unmöbliert,7521 AK Enschede (Overijssel)
,,,,,,,,
,,,,,,,,
,,,,,,,,
,"71 m²,71 m²","€ 880,-,€ 880,-",2,,Bañera,,Vacío,3863 ZV Nijkerk (Gelderland)
,"71 m²,71 m²","€ 880,-,€ 880,-",2,,Vasca da bagno,,"Non,ammobiliato / struttura",3863 ZV Nijkerk (Gelderland)
,"71 m²,71 m²","€ 880,-,€ 880,-",2,,Vasca da bagno,,"Non,ammobiliato / struttura",3863 ZV Nijkerk (Gelderland)
,"180 m²,180 m²","€ 2.200,-,€ 2.200,-",5,,Garer possible,,"Meublé,ou non meublé",8066 PT Belt-Schutsloot (Overijssel)
,,,,,,,,
,,,,,,,,
,"176 m²,176 m²","€ 3.250,-,€ 3.250,-",4,,,,Amueblado,1017 JH Amsterdam (Noord-Holland)
,"150 m²,150 m²","€ 2.600,-,€ 2.600,-",5,,Posto auto possibile,,Ammobiliato,1187 EC Amstelveen (Noord-Holland)
,"150 m²,150 m²","€ 2.600,-,€ 2.600,-",5,,Parken möglich,,Möbliert,1187 EC Amstelveen (Noord-Holland)
,"16 m²,16 m²","€ 300,-,€ 300,-",1,,,,"Non,meublé",7521 AK Enschede (Overijssel)
,"180 m²,180 m²","€ 2.495,-,€ 2.495,-",5,,Posto auto possibile,,Tappezzato,5507 NX Veldhoven (Noord-Brabant)
,"150 m²,150 m²","€ 2.600,-,€ 2.600,-",5,,Estacionando posible,,Amueblado,1187 EC Amstelveen (Noord-Holland)
,,,,,,,,
,"22 m²,22 m²","€ 500,-,€ 500,-",1,,,,Möbliert,6522 AM Nijmegen (Gelderland)
,"22 m²,22 m²","€ 500,-,€ 500,-",1,,,,Möbliert,6522 AM Nijmegen (Gelderland)
,,,,,,,,
,,,,,,,,
,"71 m²,71 m²","€ 880,-,€ 880,-",2,,Vasca da bagno,,"Non,ammobiliato / struttura",3863 ZV Nijkerk (Gelderland)
,"71 m²,71 m²","€ 880,-,€ 880,-",2,,Vasca da bagno,,"Non,ammobiliato / struttura",3863 ZV Nijkerk (Gelderland)
,"71 m²,71 m²","€ 880,-,€ 880,-",2,,Badewanne,,Rohbau,3863 ZV Nijkerk (Gelderland)
,"176 m²,176 m²","€ 3.250,-,€ 3.250,-",4,,,,Amueblado,1017 JH Amsterdam (Noord-Holland)
,"150 m²,150 m²","€ 2.600,-,€ 2.600,-",5,,Posto auto possibile,,Ammobiliato,1187 EC Amstelveen (Noord-Holland)
,"65 m²,65 m²","€ 675,-,€ 675,-",1,,"exklusiv:  Gas, Wasser, Elektrizität",,Unmöbliert,7543 CT Enschede (Overijssel)
,"60 m²,60 m²","€ 692,-,€ 692,-",1,,Mietpreis einschließlich: Exklusiv,,Unmöbliert,6814 GG Arnhem (Gelderland)
,"150 m²,150 m²","€ 2.600,-,€ 2.600,-",5,,Parken möglich,,Möbliert,1187 EC Amstelveen (Noord-Holland)
,,,,,,,,
,,,,,,,,
,"150 m²,150 m²","€ 2.600,-,€ 2.600,-",5,,Parken möglich,,Möbliert,1187 EC Amstelveen (Noord-Holland)
,"180 m²,180 m²","€ 2.495,-,€ 2.495,-",5,,Posto auto possibile,,Tappezzato,5507 NX Veldhoven (Noord-Brabant)
,,,,,,,,
,"22 m²,22 m²","€ 500,-,€ 500,-",1,,,,Amueblado,6522 AM Nijmegen (Gelderland)
,"22 m²,22 m²","€ 500,-,€ 500,-",1,,,,Möbliert,6522 AM Nijmegen (Gelderland)
,"180 m²,180 m²","€ 2.495,-,€ 2.495,-",5,,Posto auto possibile,,Tappezzato,5507 NX Veldhoven (Noord-Brabant)
,,,,,,,,
,,,,,,,,
,,,,,,,,
,,,,,,,,
,"176 m²,176 m²","€ 3.250,-,€ 3.250,-",4,,,,Amueblado,1017 JH Amsterdam (Noord-Holland)
,"71 m²,71 m²","€ 880,-,€ 880,-",2,,Badewanne,,Rohbau,3863 ZV Nijkerk (Gelderland)
,"150 m²,150 m²","€ 2.600,-,€ 2.600,-",5,,Garer possible,,Meublé,1187 EC Amstelveen (Noord-Holland)
,"65 m²,65 m²","€ 675,-,€ 675,-",1,,"exklusiv:  Gas, Wasser, Elektrizität",,Unmöbliert,7543 CT Enschede (Overijssel)
,"60 m²,60 m²","€ 692,-,€ 692,-",1,,Mietpreis einschließlich: Exklusiv,,Unmöbliert,6814 GG Arnhem (Gelderland)
,,,,,,,,
,"60 m²,60 m²","€ 692,-,€ 692,-",1,,Mietpreis einschließlich: Exklusiv,,Unmöbliert,6814 GG Arnhem (Gelderland)
,"180 m²,180 m²","€ 2.495,-,€ 2.495,-",5,,Garer possible,,"Non,meublé",5507 NX Veldhoven (Noord-Brabant)
,"60 m²,60 m²","€ 692,-,€ 692,-",1,,Mietpreis einschließlich: Exklusiv,,Unmöbliert,6814 GG Arnhem (Gelderland)
,"22 m²,22 m²","€ 500,-,€ 500,-",1,,,,Amueblado,6522 AM Nijmegen (Gelderland)
,"22 m²,22 m²","€ 500,-,€ 500,-",1,,,,Amueblado,6522 AM Nijmegen (Gelderland)
,"180 m²,180 m²","€ 2.495,-,€ 2.495,-",5,,Parken möglich,,Unmöbliert,5507 NX Veldhoven (Noord-Brabant)
,"180 m²,180 m²","€ 2.495,-,€ 2.495,-",5,,Posto auto possibile,,Tappezzato,5507 NX Veldhoven (Noord-Brabant)
,,,,,,,,
,,,,,,,,
,,,,,,,,
,,,,,,,,
,,,,,,,,
,,,,,,,,
,,,,,,,,
,"60 m²,60 m²","€ 692,-,€ 692,-",1,,Mietpreis einschließlich: Exklusiv,,Unmöbliert,6814 GG Arnhem (Gelderland)
,"65 m²,65 m²","€ 675,-,€ 675,-",1,,"exclusivo:  Gas, Agua, Luz",,Semiamueblado,7543 CT Enschede (Overijssel)
,"60 m²,60 m²","€ 692,-,€ 692,-",1,,Precio incluido: Exclusivo,,Semiamueblado,6814 GG Arnhem (Gelderland)
,"180 m²,180 m²","€ 2.495,-,€ 2.495,-",5,,Garer possible,,"Non,meublé",5507 NX Veldhoven (Noord-Brabant)
,"60 m²,60 m²","€ 692,-,€ 692,-",1,,Prezzo inclusivo: Esclusiva,,Tappezzato,6814 GG Arnhem (Gelderland)
,"180 m²,180 m²","€ 2.495,-,€ 2.495,-",5,,Garer possible,,"Non,meublé",5507 NX Veldhoven (Noord-Brabant)
,"22 m²,22 m²","€ 500,-,€ 500,-",1,,,,Ammobiliato,6522 AM Nijmegen (Gelderland)
,"180 m²,180 m²","€ 2.495,-,€ 2.495,-",5,,Estacionando posible,,Semiamueblado,5507 NX Veldhoven (Noord-Brabant)
,,,,,,,,
,"180 m²,180 m²","€ 2.495,-,€ 2.495,-",5,,Parken möglich,,Unmöbliert,5507 NX Veldhoven (Noord-Brabant)
,"180 m²,180 m²","€ 2.495,-,€ 2.495,-",5,,Parken möglich,,Unmöbliert,5507 NX Veldhoven (Noord-Brabant)
,,,,,,,,
,,,,,,,,
,,,,,,,,
,,,,,,,,
,,,,,,,,
,"65 m²,65 m²","€ 675,-,€ 675,-",1,,"exclusivo:  Gas, Agua, Luz",,Semiamueblado,7543 CT Enschede (Overijssel)
,"60 m²,60 m²","€ 692,-,€ 692,-",1,,Precio incluido: Exclusivo,,Semiamueblado,6814 GG Arnhem (Gelderland)
,"60 m²,60 m²","€ 692,-,€ 692,-",1,,Precio incluido: Exclusivo,,Semiamueblado,6814 GG Arnhem (Gelderland)
,"99 m²,99 m²","€ 730,-,€ 730,-",3,,"exklusiv:  Gas, Wasser, Elektrizität",,Rohbau,6715 LP Ede (Gelderland)
,,,,,,,,
,"60 m²,60 m²","€ 692,-,€ 692,-",1,,Prezzo inclusivo: Esclusiva,,Tappezzato,6814 GG Arnhem (Gelderland)
,"22 m²,22 m²","€ 500,-,€ 500,-",1,,,,Ammobiliato,6522 AM Nijmegen (Gelderland)
,"180 m²,180 m²","€ 2.495,-,€ 2.495,-",5,,Parking possibility,,Unfurnished,5507 NX Veldhoven (Noord-Brabant)
,,,,,,,,
,,,,,,,,
,,,,,,,,
,,,,,,,,
,,,,,,,,
,,,,,,,,
,,,,,,,,
,"12 m²,12 m²","€ 385,-,€ 385,-",1,,,,Meublé,5503 RB Veldhoven (Noord-Brabant)
,,,,,,,,
,,,,,,,,
,,,,,,,,
,"65 m²,65 m²","€ 675,-,€ 675,-",1,,"exclusivo:  Gas, Agua, Luz",,Semiamueblado,7543 CT Enschede (Overijssel)
,"60 m²,60 m²","€ 692,-,€ 692,-",1,,Prix inclusive: Exclusive,,"Non,meublé",6814 GG Arnhem (Gelderland)
,"60 m²,60 m²","€ 692,-,€ 692,-",1,,Price inclusive: Exclusive,,Unfurnished,6814 GG Arnhem (Gelderland)
,,,,,,,,
,"65 m²,65 m²","€ 675,-,€ 675,-",1,,"esclusiva:  Gas, Acqua, Elettricità",,Tappezzato,7543 CT Enschede (Overijssel)
,"22 m²,22 m²","€ 500,-,€ 500,-",1,,,,Meublé,6522 AM Nijmegen (Gelderland)
,,,,,,,,
,,,,,,,,
,,,,,,,,
,,,,,,,,
,,,,,,,,
,,,,,,,,
,,,,,,,,
,,,,,,,,
,,,,,,,,
,,,,,,,,
,"20 m²,20 m²","€ 535,-,€ 535,-",1,,,,Ammobiliato,6531 HH Nijmegen (Gelderland)
,"65 m²,65 m²","€ 675,-,€ 675,-",1,,"esclusiva:  Gas, Acqua, Elettricità",,Tappezzato,7543 CT Enschede (Overijssel)
,,,,,,,,
,,,,,,,,
,,,,,,,,
,,,,,,,,
,,,,,,,,
,"65 m²,65 m²","€ 675,-,€ 675,-",1,,"esclusiva:  Gas, Acqua, Elettricità",,Tappezzato,7543 CT Enschede (Overijssel)
,"22 m²,22 m²","€ 500,-,€ 500,-",1,,,,Meublé,6522 AM Nijmegen (Gelderland)
,"14 m²,14 m²","€ 375,-,€ 375,-",1,,,,Meublé,5611 TT Eindhoven (Noord-Brabant)
,,,,,,,,
,"14 m²,14 m²","€ 375,-,€ 375,-",1,,,,Meublé,5611 TT Eindhoven (Noord-Brabant)
,"10 m²,10 m²","€ 385,-,€ 385,-",1,,,,Meublé,5642 LT Eindhoven (Noord-Brabant)
,,,,,,,,
,,,,,,,,
,,,,,,,,
,,,,,,,,
,,,,,,,,
,"20 m²,20 m²","€ 535,-,€ 535,-",1,,,,Ammobiliato,6531 HH Nijmegen (Gelderland)
,,,,,,,,
,"20 m²,20 m²","€ 535,-,€ 535,-",1,,,,Ammobiliato,6531 HH Nijmegen (Gelderland)
,,,,,,,,
,,,,,,,,
,,,,,,,,
,"65 m²,65 m²","€ 675,-,€ 675,-",1,,"exclusive:  Gaz, L'eau, Électricité",,"Non,meublé",7543 CT Enschede (Overijssel)
,"10 m²,10 m²","€ 385,-,€ 385,-",1,,,,Meublé,5642 LT Eindhoven (Noord-Brabant)
,"65 m²,65 m²","€ 675,-,€ 675,-",1,,"exclusive:  Gas, Water, Electricity",,Unfurnished,7543 CT Enschede (Overijssel)
,"22 m²,22 m²","€ 500,-,€ 500,-",1,,,,Furnished,6522 AM Nijmegen (Gelderland)
,"12 m²,12 m²","€ 180,-,€ 180,-",1,,,,Semiamueblado,6828 CJ Arnhem (Gelderland)
,"14 m²,14 m²","€ 375,-,€ 375,-",1,,,,Amueblado,5611 TT Eindhoven (Noord-Brabant)
,,,,,,,,
,"12 m²,12 m²","€ 180,-,€ 180,-",1,,,,Tappezzato,6828 CJ Arnhem (Gelderland)
,"18 m²,18 m²","€ 315,-,€ 315,-",1,,"Price inclusive: Gas, Water, Electricity",,Unfurnished,6227 BP Maastricht (Limburg)
,"18 m²,18 m²","€ 315,-,€ 315,-",1,,"Price inclusive: Gas, Water, Electricity",,Unfurnished,6227 BP Maastricht (Limburg)
,,,,,,,,
,"20 m²,20 m²","€ 535,-,€ 535,-",1,,,,Ammobiliato,6531 HH Nijmegen (Gelderland)
,"20 m²,20 m²","€ 535,-,€ 535,-",1,,,,Amueblado,6531 HH Nijmegen (Gelderland)
,"20 m²,20 m²","€ 535,-,€ 535,-",1,,,,Amueblado,6531 HH Nijmegen (Gelderland)
,,,,,,,,
,,,,,,,,
,"65 m²,65 m²","€ 750,-,€ 750,-",3,,Storage,,Unknown,4301 DK Zierikzee (Zeeland)
,"65 m²,65 m²","€ 675,-,€ 675,-",1,,"exclusive:  Gaz, L'eau, Électricité",,"Non,meublé",7543 CT Enschede (Overijssel)
,"10 m²,10 m²","€ 385,-,€ 385,-",1,,,,Amueblado,5642 LT Eindhoven (Noord-Brabant)
,"65 m²,65 m²","€ 675,-,€ 675,-",1,,"exclusive:  Gas, Water, Electricity",,Unfurnished,7543 CT Enschede (Overijssel)
,,,,,,,,
,"22 m²,22 m²","€ 500,-,€ 500,-",1,,,,Furnished,6522 AM Nijmegen (Gelderland)
,"14 m²,14 m²","€ 375,-,€ 375,-",1,,,,Amueblado,5611 TT Eindhoven (Noord-Brabant)
,"22 m²,22 m²","€ 500,-,€ 500,-",1,,,,Furnished,6522 AM Nijmegen (Gelderland)
,,,,,,,,
,"18 m²,18 m²","€ 315,-,€ 315,-",1,,"Price inclusive: Gas, Water, Electricity",,Unfurnished,6227 BP Maastricht (Limburg)
,,,,,,,,
,"10 m²,10 m²","€ 235,-,€ 235,-",1,,,,Furnished,6226 GM Maastricht (Limburg)
,,,,,,,,
,,,,,,,,
,"20 m²,20 m²","€ 535,-,€ 535,-",1,,,,Amueblado,6531 HH Nijmegen (Gelderland)
,"20 m²,20 m²","€ 535,-,€ 535,-",1,,,,Amueblado,6531 HH Nijmegen (Gelderland)
,"20 m²,20 m²","€ 535,-,€ 535,-",1,,,,Amueblado,6531 HH Nijmegen (Gelderland)
,"65 m²,65 m²","€ 750,-,€ 750,-",3,,Storage,,Unknown,4301 DK Zierikzee (Zeeland)
,,,,,,,,
,"10 m²,10 m²","€ 385,-,€ 385,-",1,,,,Amueblado,5642 LT Eindhoven (Noord-Brabant)
,,,,,,,,
,,,,,,,,
,,,,,,,,
,"14 m²,14 m²","€ 375,-,€ 375,-",1,,,,Möbliert,5611 TT Eindhoven (Noord-Brabant)
,"14 m²,14 m²","€ 375,-,€ 375,-",1,,,,Ammobiliato,5611 TT Eindhoven (Noord-Brabant)
,,,,,,,,
,,,,,,,,
,,,,,,,,
,"10 m²,10 m²","€ 235,-,€ 235,-",1,,,,Furnished,6226 GM Maastricht (Limburg)
,"18 m²,18 m²","€ 315,-,€ 315,-",1,,"Precio incluido: Gas, Agua, Luz",,Semiamueblado,6227 BP Maastricht (Limburg)
,"25 m²,25 m²","€ 485,-,€ 485,-",1,,,,"Non,meublé",7544 XD Enschede (Overijssel)
,"20 m²,20 m²","€ 535,-,€ 535,-",1,,,,Möbliert,6531 HH Nijmegen (Gelderland)
,,,,,,,,
,"10 m²,10 m²","€ 385,-,€ 385,-",1,,,,Amueblado,5642 LT Eindhoven (Noord-Brabant)
,"25 m²,25 m²","€ 485,-,€ 485,-",1,,,,Unfurnished,7544 XD Enschede (Overijssel)
,,,,,,,,
,,,,,,,,
,,,,,,,,
,,,,,,,,
,,,,,,,,
,"14 m²,14 m²","€ 375,-,€ 375,-",1,,,,Ammobiliato,5611 TT Eindhoven (Noord-Brabant)
,,,,,,,,
,,,,,,,,
,,,,,,,,
,"18 m²,18 m²","€ 315,-,€ 315,-",1,,"Precio incluido: Gas, Agua, Luz",,Semiamueblado,6227 BP Maastricht (Limburg)
,"50 m²,50 m²","€ 900,-,€ 900,-",1,,,,Vacío,6525 HD Nijmegen (Gelderland)
,"25 m²,25 m²","€ 485,-,€ 485,-",1,,,,"Non,meublé",7544 XD Enschede (Overijssel)
,"100 m²,100 m²","€ 999,-,€ 999,-",2,,"exclusivo:  Gas, Agua, Luz",,Vacío,6525 JP Nijmegen (Gelderland)
,"20 m²,20 m²","€ 535,-,€ 535,-",1,,,,Möbliert,6531 HH Nijmegen (Gelderland)
,"102 m²,102 m²","€ 965,-,€ 965,-",2,,"exclusivo:  Gas, Agua, Luz",,Vacío,6525 JP Nijmegen (Gelderland)
,"10 m²,10 m²","€ 385,-,€ 385,-",1,,,,Ammobiliato,5642 LT Eindhoven (Noord-Brabant)
,,,,,,,,
,,,,,,,,
,,,,,,,,
,,,,,,,,
,,,,,,,,
,,,,,,,,
,"25 m²,25 m²","€ 485,-,€ 485,-",1,,,,Unfurnished,7544 XD Enschede (Overijssel)
,"14 m²,14 m²","€ 375,-,€ 375,-",1,,,,Ammobiliato,5611 TT Eindhoven (Noord-Brabant)
,,,,,,,,
,,,,,,,,
,,,,,,,,
,"50 m²,50 m²","€ 900,-,€ 900,-",1,,,,Vacío,6525 HD Nijmegen (Gelderland)
,"25 m²,25 m²","€ 485,-,€ 485,-",1,,,,Semiamueblado,7544 XD Enschede (Overijssel)
,"25 m²,25 m²","€ 485,-,€ 485,-",1,,,,Tappezzato,7544 XD Enschede (Overijssel)
,"25 m²,25 m²","€ 485,-,€ 485,-",1,,,,Unmöbliert,7544 XD Enschede (Overijssel)
,,,,,,,,
,"102 m²,102 m²","€ 965,-,€ 965,-",2,,"exclusivo:  Gas, Agua, Luz",,Vacío,6525 JP Nijmegen (Gelderland)
,,,,,,,,
,"10 m²,10 m²","€ 385,-,€ 385,-",1,,,,Ammobiliato,5642 LT Eindhoven (Noord-Brabant)
,"10 m²,10 m²","€ 385,-,€ 385,-",1,,,,Ammobiliato,5642 LT Eindhoven (Noord-Brabant)
,,,,,,,,
,,,,,,,,
,,,,,,,,
,,,,,,,,
,,,,,,,,
,"14 m²,14 m²","€ 375,-,€ 375,-",1,,,,Meublé,5611 TT Eindhoven (Noord-Brabant)
,"14 m²,14 m²","€ 375,-,€ 375,-",1,,,,Amueblado,5611 TT Eindhoven (Noord-Brabant)
,"14 m²,14 m²","€ 375,-,€ 375,-",1,,,,Möbliert,5611 TT Eindhoven (Noord-Brabant)
,"25 m²,25 m²","€ 485,-,€ 485,-",1,,,,Tappezzato,7544 XD Enschede (Overijssel)
,"50 m²,50 m²","€ 900,-,€ 900,-",1,,,,Vacío,6525 HD Nijmegen (Gelderland)
,"25 m²,25 m²","€ 485,-,€ 485,-",1,,,,Semiamueblado,7544 XD Enschede (Overijssel)
,"25 m²,25 m²","€ 485,-,€ 485,-",1,,,,Unmöbliert,7544 XD Enschede (Overijssel)
,,,,,,,,
,,,,,,,,
,"102 m²,102 m²","€ 965,-,€ 965,-",2,,"esclusiva:  Gas, Acqua, Elettricità",,"Non,ammobiliato / struttura",6525 JP Nijmegen (Gelderland)
,,,,,,,,
,,,,,,,,
,,,,,,,,
,,,,,,,,
,"10 m²,10 m²","€ 385,-,€ 385,-",1,,,,Möbliert,5642 LT Eindhoven (Noord-Brabant)
,"10 m²,10 m²","€ 385,-,€ 385,-",1,,,,Furnished,5642 LT Eindhoven (Noord-Brabant)
,,,,,,,,
,,,,,,,,
,,,,,,,,
,,,,,,,,
,,,,,,,,
,,,,,,,,
,"25 m²,25 m²","€ 485,-,€ 485,-",1,,,,Unmöbliert,7544 XD Enschede (Overijssel)
,"25 m²,25 m²","€ 485,-,€ 485,-",1,,,,Semiamueblado,7544 XD Enschede (Overijssel)
,,,,,,,,
,,,,,,,,
,,,,,,,,
,,,,,,,,
,,,,,,,,
,"102 m²,102 m²","€ 965,-,€ 965,-",2,,"esclusiva:  Gas, Acqua, Elettricità",,"Non,ammobiliato / struttura",6525 JP Nijmegen (Gelderland)
,"14 m²,14 m²","€ 350,-,€ 350,-",1,,,,Ammobiliato,5624 CG Eindhoven (Noord-Brabant)
,"14 m²,14 m²","€ 350,-,€ 350,-",1,,,,Ammobiliato,5624 CG Eindhoven (Noord-Brabant)
,,,,,,,,
,,,,,,,,
,"10 m²,10 m²","€ 385,-,€ 385,-",1,,,,Furnished,5642 LT Eindhoven (Noord-Brabant)
,,,,,,,,
,,,,,,,,
,,,,,,,,
,,,,,,,,
,,,,,,,,
,,,,,,,,
,"25 m²,25 m²","€ 485,-,€ 485,-",1,,,,"Non,meublé",7544 XD Enschede (Overijssel)
,,,,,,,,
,,,,,,,,
,,,,,,,,
,,,,,,,,
,,,,,,,,
,,,,,,,,
,,,,,,,,
,"36 m²,36 m²","€ 372,-,€ 372,-",1,,,,Tappezzato,5622 PC Eindhoven (Noord-Brabant)
,,,,,,,,
,"102 m²,102 m²","€ 965,-,€ 965,-",2,,"exklusiv:  Gas, Wasser, Elektrizität",,Rohbau,6525 JP Nijmegen (Gelderland)
,,,,,,,,
,,,,,,,,
,,,,,,,,
,,,,,,,,
,,,,,,,,
,,,,,,,,
,,,,,,,,
,,,,,,,,
,,,,,,,,
,,,,,,,,
,,,,,,,,
,,,,,,,,
,,,,,,,,
,,,,,,,,
,,,,,,,,
,"59 m²,59 m²","€ 440,-,€ 440,-",1,,"esclusiva:  Gas, Acqua, Elettricità",,"Non,ammobiliato / struttura",7552 ZN Hengelo (Overijssel)
,,,,,,,,
,,,,,,,,
,,,,,,,,
,"102 m²,102 m²","€ 965,-,€ 965,-",2,,"exklusiv:  Gas, Wasser, Elektrizität",,Rohbau,6525 JP Nijmegen (Gelderland)
,,,,,,,,
,,,,,,,,
,,,,,,,,
,,,,,,,,
,,,,,,,,
,,,,,,,,
,,,,,,,,
,,,,,,,,
,,,,,,,,
,,,,,,,,
,,,,,,,,
,,,,,,,,
,,,,,,,,
,,,,,,,,
,,,,,,,,
,,,,,,,,
,,,,,,,,
,,,,,,,,
,"59 m²,59 m²","€ 440,-,€ 440,-",1,,"esclusiva:  Gas, Acqua, Elettricità",,"Non,ammobiliato / struttura",7552 ZN Hengelo (Overijssel)
,,,,,,,,
,,,,,,,,
,,,,,,,,
,,,,,,,,
,,,,,,,,
,,,,,,,,
,,,,,,,,
,,,,,,,,
,,,,,,,,
,,,,,,,,
,,,,,,,,
,,,,,,,,
,,,,,,,,
,,,,,,,,
,,,,,,,,
,,,,,,,,
,,,,,,,,
,,,,,,,,
,,,,,,,,
,,,,,,,,
,,,,,,,,
,,,,,,,,
,,,,,,,,
,,,,,,,,
,,,,,,,,
,,,,,,,,
,"59 m²,59 m²","€ 440,-,€ 440,-",1,,"exclusivo:  Gas, Agua, Luz",,Vacío,7552 ZN Hengelo (Overijssel)
,,,,,,,,
,,,,,,,,
,,,,,,,,
,,,,,,,,
,,,,,,,,
,,,,,,,,
,,,,,,,,
,,,,,,,,
,,,,,,,,
,,,,,,,,
,,,,,,,,
,,,,,,,,
,,,,,,,,
,,,,,,,,
,,,,,,,,
,,,,,,,,
,,,,,,,,
,,,,,,,,
,,,,,,,,
,,,,,,,,
,,,,,,,,
,,,,,,,,
,"59 m²,59 m²","€ 440,-,€ 440,-",1,,"exclusivo:  Gas, Agua, Luz",,Vacío,7552 ZN Hengelo (Overijssel)
,,,,,,,,
,,,,,,,,
,,,,,,,,
,,,,,,,,
,,,,,,,,
,,,,,,,,
,,,,,,,,
,,,,,,,,
,,,,,,,,
,,,,,,,,
,,,,,,,,
,,,,,,,,
,,,,,,,,
,,,,,,,,
,,,,,,,,
,,,,,,,,
,,,,,,,,
,,,,,,,,
,"59 m²,59 m²","€ 440,-,€ 440,-",1,,"exklusiv:  Gas, Wasser, Elektrizität",,Rohbau,7552 ZN Hengelo (Overijssel)
,,,,,,,,
,,,,,,,,
,,,,,,,,
,,,,,,,,
,,,,,,,,
,,,,,,,,
,,,,,,,,
,,,,,,,,
,,,,,,,,
,,,,,,,,
,,,,,,,,
,,,,,,,,
,,,,,,,,
,,,,,,,,
,,,,,,,,
,,,,,,,,
,,,,,,,,
,,,,,,,,
,,,,,,,,
,,,,,,,,
,,,,,,,,
,,,,,,,,
,,,,,,,,
,,,,,,,,
,,,,,,,,
,,,,,,,,
,,,,,,,,
,,,,,,,,
,,,,,,,,
,,,,,,,,
,,,,,,,,
,,,,,,,,
,,,,,,,,
,,,,,,,,
,,,,,,,,
,,,,,,,,
,,,,,,,,
,,,,,,,,
,,,,,,,,
,,,,,,,,
,,,,,,,,
,,,,,,,,
,,,,,,,,
,,,,,,,,
,,,,,,,,
,,,,,,,,
,,,,,,,,
,,,,,,,,
,,,,,,,,
,,,,,,,,
,,,,,,,,
,,,,,,,,
,,,,,,,,
,,,,,,,,
,,,,,,,,
,,,,,,,,
,,,,,,,,
,,,,,,,,
,,,,,,,,
,,,,,,,,
,,,,,,,,
,,,,,,,,
,,,,,,,,
,,,,,,,,
,,,,,,,,
,,,,,,,,
,,,,,,,,
,,,,,,,,
,,,,,,,,
,,,,,,,,
,,,,,,,,
,,,,,,,,
,,,,,,,,
,,,,,,,,
,,,,,,,,
,,,,,,,,
,,,,,,,,
,,,,,,,,
,,,,,,,,
,,,,,,,,
,,,,,,,,
,,,,,,,,
,,,,,,,,
,,,,,,,,
,,,,,,,,
,,,,,,,,
,,,,,,,,
,,,,,,,,
,,,,,,,,
,,,,,,,,
,,,,,,,,
,,,,,,,,
,,,,,,,,
,,,,,,,,
,,,,,,,,
,,,,,,,,
,,,,,,,,
,,,,,,,,
,,,,,,,,
,,,,,,,,
,,,,,,,,
,,,,,,,,
,,,,,,,,
,,,,,,,,
,,,,,,,,
,,,,,,,,
,,,,,,,,
,,,,,,,,
,,,,,,,,
,,,,,,,,
,,,,,,,,
,,,,,,,,
,,,,,,,,
,,,,,,,,
,,,,,,,,
,,,,,,,,
,,,,,,,,
,,,,,,,,
,,,,,,,,
,,,,,,,,
,,,,,,,,
,,,,,,,,
,,,,,,,,
,,,,,,,,
,,,,,,,,
,,,,,,,,
,,,,,,,,
,,,,,,,,
,,,,,,,,
,,,,,,,,
,,,,,,,,
,,,,,,,,
,,,,,,,,
,,,,,,,,
,,,,,,,,
,,,,,,,,
,,,,,,,,
,,,,,,,,
,,,,,,,,
,,,,,,,,
,,,,,,,,
,,,,,,,,
,,,,,,,,
,,,,,,,,
,,,,,,,,
,,,,,,,,
,,,,,,,,
,,,,,,,,
,,,,,,,,
,,,,,,,,
,,,,,,,,
,,,,,,,,
,,,,,,,,
,,,,,,,,
,,,,,,,,
,,,,,,,,
,,,,,,,,
,,,,,,,,
,,,,,,,,
,,,,,,,,
,,,,,,,,
,,,,,,,,
,,,,,,,,
,,,,,,,,
,,,,,,,,
,,,,,,,,
,,,,,,,,
,,,,,,,,
,,,,,,,,
,,,,,,,,
,,,,,,,,
,,,,,,,,
,,,,,,,,
,,,,,,,,
,,,,,,,,
,,,,,,,,
,,,,,,,,
,,,,,,,,
,,,,,,,,
,,,,,,,,
,,,,,,,,
,,,,,,,,
,,,,,,,,
,,,,,,,,
,,,,,,,,
,"57 m²,57 m²","€ 595,-,€ 595,-",1,,Prix inclusive: Exclusive,,"Non,meublé",6811 DD Arnhem (Gelderland)
,"57 m²,57 m²","€ 595,-,€ 595,-",1,,Prix inclusive: Exclusive,,"Non,meublé",6811 DD Arnhem (Gelderland)
,,,,,,,,
,,,,,,,,
,,,,,,,,
,,,,,,,,
,,,,,,,,
,,,,,,,,
,,,,,,,,
,,,,,,,,
,,,,,,,,
,,,,,,,,
,,,,,,,,
,,,,,,,,
,,,,,,,,
,,,,,,,,
,,,,,,,,
,,,,,,,,
,,,,,,,,
,,,,,,,,
,,,,,,,,
,,,,,,,,
,"57 m²,57 m²","€ 595,-,€ 595,-",1,,Prix inclusive: Exclusive,,"Non,meublé",6811 DD Arnhem (Gelderland)
,,,,,,,,
,,,,,,,,
,,,,,,,,
,,,,,,,,
,,,,,,,,
,,,,,,,,
,,,,,,,,
,,,,,,,,
,,,,,,,,
,,,,,,,,
,,,,,,,,
,,,,,,,,
,,,,,,,,
,,,,,,,,
,,,,,,,,
,,,,,,,,
,,,,,,,,
,,,,,,,,
,,,,,,,,
,,,,,,,,
,,,,,,,,
,,,,,,,,
,,,,,,,,
,,,,,,,,
,,,,,,,,
,,,,,,,,
,,,,,,,,
,,,,,,,,
,,,,,,,,
,,,,,,,,
,,,,,,,,
,,,,,,,,
,,,,,,,,
,,,,,,,,
,,,,,,,,
,,,,,,,,
,,,,,,,,
,,,,,,,,
,,,,,,,,
,,,,,,,,
,,,,,,,,
,,,,,,,,
,,,,,,,,
,,,,,,,,
,,,,,,,,
,,,,,,,,
,,,,,,,,
,,,,,,,,
,,,,,,,,
,,,,,,,,
,,,,,,,,
,,,,,,,,
,,,,,,,,
,,,,,,,,
,,,,,,,,
,,,,,,,,
,,,,,,,,
,,,,,,,,
,,,,,,,,
,,,,,,,,
,,,,,,,,
,,,,,,,,
,,,,,,,,
,,,,,,,,
,,,,,,,,
,,,,,,,,
,,,,,,,,
,,,,,,,,
,,,,,,,,
,,,,,,,,
,,,,,,,,
,,,,,,,,
,,,,,,,,
,,,,,,,,
,,,,,,,,
,,,,,,,,
,,,,,,,,
,,,,,,,,
,,,,,,,,
,,,,,,,,
,,,,,,,,
,,,,,,,,
,,,,,,,,
,,,,,,,,
,,,,,,,,
,,,,,,,,
,,,,,,,,
,,,,,,,,
,,,,,,,,
,,,,,,,,
,,,,,,,,
,,,,,,,,
,,,,,,,,
,,,,,,,,
,,,,,,,,
,,,,,,,,
,,,,,,,,
,,,,,,,,
,,,,,,,,
,,,,,,,,
,,,,,,,,
,,,,,,,,
,,,,,,,,
,,,,,,,,
,,,,,,,,
,,,,,,,,
,,,,,,,,
,,,,,,,,
,,,,,,,,
,,,,,,,,
,,,,,,,,
,,,,,,,,
,,,,,,,,
,,,,,,,,
,,,,,,,,
,,,,,,,,
,,,,,,,,
,,,,,,,,
,,,,,,,,
,,,,,,,,
,,,,,,,,
,,,,,,,,
,,,,,,,,
,,,,,,,,
,,,,,,,,
,,,,,,,,
,,,,,,,,
,,,,,,,,
,,,,,,,,
,,,,,,,,
,,,,,,,,
,,,,,,,,
,,,,,,,,
,,,,,,,,
,,,,,,,,
,,,,,,,,
,,,,,,,,
,,,,,,,,
,,,,,,,,
,,,,,,,,
,,,,,,,,
,,,,,,,,
,,,,,,,,
,,,,,,,,
,,,,,,,,
,,,,,,,,
,,,,,,,,
,,,,,,,,
,,,,,,,,
,,,,,,,,
,,,,,,,,
,,,,,,,,
,,,,,,,,
,,,,,,,,
,,,,,,,,
,,,,,,,,
,,,,,,,,
,,,,,,,,
,,,,,,,,
,,,,,,,,
,,,,,,,,
,,,,,,,,
,,,,,,,,
,,,,,,,,
,,,,,,,,
,,,,,,,,
,,,,,,,,
,,,,,,,,
,,,,,,,,
,,,,,,,,
,,,,,,,,
,,,,,,,,
,,,,,,,,
,,,,,,,,
,,,,,,,,
,,,,,,,,
,,,,,,,,
,,,,,,,,
,,,,,,,,
,,,,,,,,
,,,,,,,,
,,,,,,,,
,,,,,,,,
,,,,,,,,
,,,,,,,,
,,,,,,,,
,,,,,,,,
,,,,,,,,
,,,,,,,,
,,,,,,,,
,,,,,,,,
,,,,,,,,
,,,,,,,,
,,,,,,,,
,,,,,,,,
,,,,,,,,
,,,,,,,,
,,,,,,,,
,,,,,,,,
,,,,,,,,
,,,,,,,,
,,,,,,,,
,,,,,,,,
,,,,,,,,
,,,,,,,,
,,,,,,,,
,,,,,,,,
,,,,,,,,
,,,,,,,,
,,,,,,,,
,,,,,,,,
,,,,,,,,
,,,,,,,,
,,,,,,,,
,,,,,,,,
,,,,,,,,
,,,,,,,,
,,,,,,,,
,,,,,,,,
,,,,,,,,
,,,,,,,,
,,,,,,,,
,,,,,,,,
,,,,,,,,
,,,,,,,,
,,,,,,,,
,,,,,,,,
,,,,,,,,
,,,,,,,,
,,,,,,,,
,,,,,,,,
,,,,,,,,
,,,,,,,,
,,,,,,,,
,,,,,,,,
,,,,,,,,
,,,,,,,,
,,,,,,,,
,,,,,,,,
,,,,,,,,
,,,,,,,,
,,,,,,,,
,,,,,,,,
,,,,,,,,
,,,,,,,,
,,,,,,,,
,,,,,,,,
,,,,,,,,
,,,,,,,,
,,,,,,,,
,,,,,,,,
,,,,,,,,
,,,,,,,,
,,,,,,,,
,,,,,,,,
,,,,,,,,
,,,,,,,,
,,,,,,,,
,,,,,,,,
,,,,,,,,
,,,,,,,,
,,,,,,,,
,,,,,,,,
,,,,,,,,
,,,,,,,,
,,,,,,,,
,,,,,,,,
,,,,,,,,
,,,,,,,,
,,,,,,,,
,,,,,,,,
,,,,,,,,
,,,,,,,,
,,,,,,,,
,,,,,,,,
,,,,,,,,
,,,,,,,,
,,,,,,,,
,,,,,,,,
,,,,,,,,
,,,,,,,,
,,,,,,,,
,,,,,,,,
,,,,,,,,
,,,,,,,,
,,,,,,,,
,,,,,,,,
,,,,,,,,
,,,,,,,,
,,,,,,,,
,,,,,,,,
,,,,,,,,
,,,,,,,,
,,,,,,,,
,,,,,,,,
,,,,,,,,
,,,,,,,,
,,,,,,,,
,,,,,,,,
,,,,,,,,
,,,,,,,,
,,,,,,,,
,,,,,,,,
,,,,,,,,
,,,,,,,,
,,,,,,,,
,,,,,,,,
,,,,,,,,
,,,,,,,,
,,,,,,,,
,,,,,,,,
,,,,,,,,
,,,,,,,,
,,,,,,,,
,,,,,,,,
,,,,,,,,
,,,,,,,,
,,,,,,,,
,,,,,,,,
,,,,,,,,
,,,,,,,,
,,,,,,,,
,,,,,,,,
,,,,,,,,
,,,,,,,,
,,,,,,,,
,,,,,,,,
,,,,,,,,
,,,,,,,,
,,,,,,,,
,,,,,,,,
,,,,,,,,
,,,,,,,,
,,,,,,,,
,,,,,,,,
,,,,,,,,
,,,,,,,,
,,,,,,,,
,,,,,,,,
,,,,,,,,
,,,,,,,,
,,,,,,,,
,,,,,,,,
,,,,,,,,
,,,,,,,,
,,,,,,,,
,,,,,,,,
,,,,,,,,
,,,,,,,,
,,,,,,,,
,,,,,,,,
,,,,,,,,
,,,,,,,,
,,,,,,,,
,,,,,,,,
,,,,,,,,
,,,,,,,,
,,,,,,,,
,,,,,,,,
,,,,,,,,
,,,,,,,,
,,,,,,,,
,,,,,,,,
,,,,,,,,
,,,,,,,,
,,,,,,,,
,,,,,,,,
,,,,,,,,
,,,,,,,,
,,,,,,,,
,,,,,,,,
,,,,,,,,
,,,,,,,,
,,,,,,,,
,,,,,,,,
,,,,,,,,
,,,,,,,,
,,,,,,,,
,,,,,,,,
,,,,,,,,
,,,,,,,,
,,,,,,,,
,,,,,,,,
,,,,,,,,
,,,,,,,,
,,,,,,,,
,,,,,,,,
,,,,,,,,
,,,,,,,,
,,,,,,,,
,,,,,,,,
,,,,,,,,
,,,,,,,,
,,,,,,,,
,,,,,,,,
,,,,,,,,
,,,,,,,,
,,,,,,,,
,,,,,,,,
,,,,,,,,
,,,,,,,,
,,,,,,,,
,,,,,,,,
,,,,,,,,
,,,,,,,,
,,,,,,,,
,,,,,,,,
,,,,,,,,
,,,,,,,,
,,,,,,,,
,,,,,,,,
,,,,,,,,
,,,,,,,,
,,,,,,,,
,,,,,,,,
,,,,,,,,
,,,,,,,,
,,,,,,,,
,,,,,,,,
,,,,,,,,
,,,,,,,,
,,,,,,,,
,,,,,,,,
,,,,,,,,
,,,,,,,,
,,,,,,,,
,,,,,,,,
,,,,,,,,
,,,,,,,,
,,,,,,,,
,,,,,,,,
,,,,,,,,
,,,,,,,,
,,,,,,,,
,,,,,,,,
,,,,,,,,
,,,,,,,,
,,,,,,,,
,,,,,,,,
,,,,,,,,
,,,,,,,,
,,,,,,,,
,,,,,,,,
,,,,,,,,
,,,,,,,,
,,,,,,,,
,,,,,,,,
,,,,,,,,
,,,,,,,,
,,,,,,,,
,,,,,,,,
,,,,,,,,
,,,,,,,,
,,,,,,,,
,,,,,,,,
,,,,,,,,
,,,,,,,,
,,,,,,,,
,,,,,,,,
,,,,,,,,
,,,,,,,,
,,,,,,,,
,,,,,,,,
,,,,,,,,
,,,,,,,,
,,,,,,,,
,,,,,,,,
,,,,,,,,
,,,,,,,,
,,,,,,,,
,,,,,,,,
,,,,,,,,
,,,,,,,,
,,,,,,,,
,,,,,,,,
,,,,,,,,
,,,,,,,,
,,,,,,,,
,,,,,,,,
,,,,,,,,
,,,,,,,,
,,,,,,,,
,,,,,,,,
,,,,,,,,
,,,,,,,,
,,,,,,,,
,,,,,,,,
,,,,,,,,
,,,,,,,,
,,,,,,,,
,,,,,,,,
,,,,,,,,
,,,,,,,,
,,,,,,,,
,,,,,,,,
,,,,,,,,
,,,,,,,,
,,,,,,,,
,,,,,,,,
,,,,,,,,
,,,,,,,,
,,,,,,,,
,,,,,,,,
,,,,,,,,
,,,,,,,,
,,,,,,,,
,,,,,,,,
,,,,,,,,
,,,,,,,,
,,,,,,,,
,,,,,,,,
,,,,,,,,
,,,,,,,,
,,,,,,,,
,,,,,,,,
,,,,,,,,
,,,,,,,,
,,,,,,,,
,,,,,,,,
,,,,,,,,
,,,,,,,,
,,,,,,,,
,,,,,,,,
,,,,,,,,
,,,,,,,,
,,,,,,,,
,,,,,,,,
,,,,,,,,
,,,,,,,,
,,,,,,,,
,,,,,,,,
,,,,,,,,
,,,,,,,,
,,,,,,,,
,,,,,,,,
,,,,,,,,
,,,,,,,,
,,,,,,,,
,,,,,,,,
,,,,,,,,
,,,,,,,,
,,,,,,,,
,,,,,,,,
,,,,,,,,
,,,,,,,,
,,,,,,,,
,,,,,,,,
,,,,,,,,
,,,,,,,,
,,,,,,,,
,,,,,,,,
,,,,,,,,
,,,,,,,,
,,,,,,,,
,,,,,,,,
,,,,,,,,
,,,,,,,,
,,,,,,,,
,,,,,,,,
,,,,,,,,
,,,,,,,,
,,,,,,,,
,,,,,,,,
,,,,,,,,
,,,,,,,,
,,,,,,,,
,,,,,,,,
,,,,,,,,
,,,,,,,,
,,,,,,,,
,,,,,,,,
,,,,,,,,
,,,,,,,,
,,,,,,,,
,,,,,,,,
,,,,,,,,
,,,,,,,,
,,,,,,,,
,,,,,,,,
,,,,,,,,
,,,,,,,,
,,,,,,,,
,,,,,,,,
,,,,,,,,
,,,,,,,,
,,,,,,,,
,,,,,,,,
,,,,,,,,
,,,,,,,,
,,,,,,,,
,,,,,,,,
,,,,,,,,
,,,,,,,,
,,,,,,,,
,,,,,,,,
,,,,,,,,
,,,,,,,,
,,,,,,,,
,,,,,,,,
,,,,,,,,
,,,,,,,,
,,,,,,,,
,,,,,,,,
,,,,,,,,
,,,,,,,,
,,,,,,,,
,,,,,,,,
,,,,,,,,
,,,,,,,,
,,,,,,,,
,,,,,,,,
,,,,,,,,
,,,,,,,,
,,,,,,,,
,,,,,,,,
,,,,,,,,
,,,,,,,,
,,,,,,,,
,,,,,,,,
,,,,,,,,
,,,,,,,,
,,,,,,,,
,,,,,,,,
,,,,,,,,
,,,,,,,,
,,,,,,,,
,,,,,,,,
,,,,,,,,
,,,,,,,,
,,,,,,,,
,,,,,,,,
,,,,,,,,
,,,,,,,,
,,,,,,,,
,,,,,,,,
,,,,,,,,
,,,,,,,,
,,,,,,,,
,,,,,,,,
,,,,,,,,
,,,,,,,,
,,,,,,,,
,,,,,,,,
,,,,,,,,
,,,,,,,,
,,,,,,,,
,,,,,,,,
,,,,,,,,
,,,,,,,,
,,,,,,,,
,,,,,,,,
,,,,,,,,
,,,,,,,,
,,,,,,,,
,,,,,,,,
,,,,,,,,
,,,,,,,,
,,,,,,,,
,,,,,,,,
,,,,,,,,
,,,,,,,,
,,,,,,,,
,,,,,,,,
,,,,,,,,
,,,,,,,,
,,,,,,,,
,,,,,,,,
,,,,,,,,
,,,,,,,,
,,,,,,,,
,,,,,,,,
,,,,,,,,
,,,,,,,,
,,,,,,,,
,,,,,,,,
,,,,,,,,
,,,,,,,,
,,,,,,,,
,,,,,,,,
,,,,,,,,
,,,,,,,,
,,,,,,,,
,,,,,,,,
,,,,,,,,
,,,,,,,,
,,,,,,,,
,,,,,,,,
,,,,,,,,
,,,,,,,,
,,,,,,,,
,,,,,,,,
,,,,,,,,
,,,,,,,,
,,,,,,,,
,,,,,,,,
,,,,,,,,
,,,,,,,,
,,,,,,,,
,,,,,,,,
,,,,,,,,
,,,,,,,,
,,,,,,,,
,,,,,,,,
,,,,,,,,
,,,,,,,,
,,,,,,,,
,,,,,,,,
,,,,,,,,
,,,,,,,,
,,,,,,,,
,,,,,,,,
,,,,,,,,
,,,,,,,,
,,,,,,,,
,,,,,,,,
,,,,,,,,
,,,,,,,,
,,,,,,,,
,,,,,,,,
,,,,,,,,
,,,,,,,,
,,,,,,,,
,,,,,,,,
,,,,,,,,
,,,,,,,,
,,,,,,,,
,,,,,,,,
,,,,,,,,
,,,,,,,,
,,,,,,,,
,,,,,,,,
,,,,,,,,
,,,,,,,,
,,,,,,,,
,,,,,,,,
,,,,,,,,
,,,,,,,,
,,,,,,,,
,,,,,,,,
,,,,,,,,
,,,,,,,,
,,,,,,,,
,,,,,,,,
,,,,,,,,
,,,,,,,,
,,,,,,,,
,,,,,,,,
,,,,,,,,
,,,,,,,,
,,,,,,,,
,,,,,,,,
,,,,,,,,
,,,,,,,,
,,,,,,,,
,,,,,,,,
,,,,,,,,
,,,,,,,,
,,,,,,,,
,,,,,,,,
,,,,,,,,
,,,,,,,,
,,,,,,,,
,,,,,,,,
,,,,,,,,
,,,,,,,,
,,,,,,,,
,,,,,,,,
,,,,,,,,
,,,,,,,,
,,,,,,,,
,,,,,,,,
,,,,,,,,
,,,,,,,,
,,,,,,,,
,,,,,,,,
,,,,,,,,
,,,,,,,,
,,,,,,,,
,,,,,,,,
,,,,,,,,
,,,,,,,,
,,,,,,,,
,,,,,,,,
,,,,,,,,
,,,,,,,,
,,,,,,,,
,,,,,,,,
,,,,,,,,
,,,,,,,,
,,,,,,,,
,,,,,,,,
,,,,,,,,
,,,,,,,,
,,,,,,,,
,,,,,,,,
,,,,,,,,
,,,,,,,,
,,,,,,,,
,,,,,,,,
,,,,,,,,
,,,,,,,,
,,,,,,,,
,,,,,,,,
,,,,,,,,
,,,,,,,,
,,,,,,,,
,,,,,,,,
,,,,,,,,
,,,,,,,,
,,,,,,,,
,,,,,,,,
,,,,,,,,
,,,,,,,,
,,,,,,,,
,,,,,,,,
,,,,,,,,
,,,,,,,,
,,,,,,,,
,,,,,,,,
,,,,,,,,
,,,,,,,,
,,,,,,,,
,,,,,,,,
,,,,,,,,
,,,,,,,,
,,,,,,,,
,,,,,,,,
,,,,,,,,
,,,,,,,,
,,,,,,,,
,,,,,,,,
,,,,,,,,
,,,,,,,,
,,,,,,,,
,,,,,,,,
,,,,,,,,
,,,,,,,,
,,,,,,,,
,,,,,,,,
,,,,,,,,
,,,,,,,,
,,,,,,,,
,,,,,,,,
,,,,,,,,
,,,,,,,,
,,,,,,,,
,,,,,,,,
,,,,,,,,
,,,,,,,,
,,,,,,,,
,,,,,,,,
,,,,,,,,
,,,,,,,,
,,,,,,,,
,,,,,,,,
,,,,,,,,
,,,,,,,,
,,,,,,,,
,,,,,,,,
,,,,,,,,
,,,,,,,,
,,,,,,,,
,,,,,,,,
,,,,,,,,
,,,,,,,,
,,,,,,,,
,,,,,,,,
,,,,,,,,
,,,,,,,,
,,,,,,,,
,,,,,,,,
,,,,,,,,
,,,,,,,,
,,,,,,,,
,,,,,,,,
,,,,,,,,
,,,,,,,,
,,,,,,,,
,,,,,,,,
,,,,,,,,
,,,,,,,,
,,,,,,,,
,,,,,,,,
,,,,,,,,
,,,,,,,,
,,,,,,,,
,,,,,,,,
,,,,,,,,
,,,,,,,,
,,,,,,,,
,,,,,,,,
,,,,,,,,
,,,,,,,,
,,,,,,,,
,,,,,,,,
,,,,,,,,
,,,,,,,,
,,,,,,,,
,,,,,,,,
,,,,,,,,
,,,,,,,,
,,,,,,,,
,,,,,,,,
,,,,,,,,
,,,,,,,,
,,,,,,,,
,,,,,,,,
,,,,,,,,
,,,,,,,,
,,,,,,,,
,,,,,,,,
,,,,,,,,
,,,,,,,,
,,,,,,,,
,,,,,,,,
,,,,,,,,
,,,,,,,,
,,,,,,,,
,,,,,,,,
,,,,,,,,
,,,,,,,,
,,,,,,,,
,,,,,,,,
,,,,,,,,
,,,,,,,,
,,,,,,,,
,,,,,,,,
,,,,,,,,
,,,,,,,,
,,,,,,,,
,,,,,,,,
,,,,,,,,
,,,,,,,,
,,,,,,,,
,,,,,,,,
,,,,,,,,
,,,,,,,,
,,,,,,,,
,,,,,,,,
,,,,,,,,
,,,,,,,,
,,,,,,,,
,,,,,,,,
,,,,,,,,
,,,,,,,,
,,,,,,,,
,,,,,,,,
,,,,,,,,
,,,,,,,,
,,,,,,,,
,,,,,,,,
,,,,,,,,
,,,,,,,,
,,,,,,,,
,,,,,,,,
,,,,,,,,
,,,,,,,,
,,,,,,,,
,,,,,,,,
,,,,,,,,
,,,,,,,,
,,,,,,,,
,,,,,,,,
,,,,,,,,
,,,,,,,,
,,,,,,,,
,,,,,,,,
,,,,,,,,
,,,,,,,,
,,,,,,,,
,,,,,,,,
,,,,,,,,
,,,,,,,,
,,,,,,,,
,,,,,,,,
,,,,,,,,
,,,,,,,,
,,,,,,,,
,,,,,,,,
,,,,,,,,
,,,,,,,,
,,,,,,,,
,,,,,,,,
,,,,,,,,
,,,,,,,,
,,,,,,,,
,,,,,,,,
,,,,,,,,
,,,,,,,,
,,,,,,,,
,,,,,,,,
,,,,,,,,
,,,,,,,,
,,,,,,,,
,,,,,,,,
,,,,,,,,
,,,,,,,,
,,,,,,,,
,,,,,,,,
,,,,,,,,
,,,,,,,,
,,,,,,,,
,,,,,,,,
,,,,,,,,
,,,,,,,,
,,,,,,,,
,,,,,,,,
,,,,,,,,
,,,,,,,,
,,,,,,,,
,,,,,,,,
,,,,,,,,
,,,,,,,,
,,,,,,,,
,,,,,,,,
,,,,,,,,
,,,,,,,,
,,,,,,,,
,,,,,,,,
,,,,,,,,
,,,,,,,,
,,,,,,,,
,,,,,,,,
,,,,,,,,
,,,,,,,,
,,,,,,,,
,,,,,,,,
,,,,,,,,
,,,,,,,,
,,,,,,,,
,,,,,,,,
,,,,,,,,
,,,,,,,,
,,,,,,,,
,,,,,,,,
,,,,,,,,
,,,,,,,,
,,,,,,,,
,,,,,,,,
,,,,,,,,
,,,,,,,,
,,,,,,,,
,,,,,,,,
,,,,,,,,
,,,,,,,,
,,,,,,,,
,,,,,,,,
,,,,,,,,
,,,,,,,,
,,,,,,,,
,,,,,,,,
,,,,,,,,
,,,,,,,,
,,,,,,,,
,,,,,,,,
,,,,,,,,
,,,,,,,,
,,,,,,,,
,,,,,,,,
,,,,,,,,
,,,,,,,,
,,,,,,,,
,,,,,,,,
,,,,,,,,
,,,,,,,,
,,,,,,,,
,,,,,,,,
,,,,,,,,
,,,,,,,,
,,,,,,,,
,,,,,,,,
,,,,,,,,
,,,,,,,,
,,,,,,,,
,,,,,,,,
,,,,,,,,
,,,,,,,,
,,,,,,,,
,,,,,,,,
,,,,,,,,
,,,,,,,,
,,,,,,,,
,,,,,,,,
,,,,,,,,
,,,,,,,,
,,,,,,,,
,,,,,,,,
,,,,,,,,
,,,,,,,,
,,,,,,,,
,,,,,,,,
,,,,,,,,
,,,,,,,,
,,,,,,,,
,,,,,,,,
,,,,,,,,
,,,,,,,,
,,,,,,,,
,,,,,,,,
,,,,,,,,
,,,,,,,,
,,,,,,,,
,,,,,,,,
,,,,,,,,
,,,,,,,,
,,,,,,,,
,,,,,,,,
,,,,,,,,
,,,,,,,,
,,,,,,,,
,,,,,,,,
,,,,,,,,
,,,,,,,,
,,,,,,,,
,,,,,,,,
,,,,,,,,
,,,,,,,,
,,,,,,,,
,,,,,,,,
,,,,,,,,
,,,,,,,,
,,,,,,,,
,,,,,,,,
,,,,,,,,
,,,,,,,,
,,,,,,,,
,,,,,,,,
,,,,,,,,
,,,,,,,,
,,,,,,,,
,,,,,,,,
,,,,,,,,
,,,,,,,,
,,,,,,,,
,,,,,,,,
,,,,,,,,
,,,,,,,,
,,,,,,,,
,,,,,,,,
,,,,,,,,
,,,,,,,,
,,,,,,,,
,,,,,,,,
,,,,,,,,
,,,,,,,,
,,,,,,,,
,,,,,,,,
,,,,,,,,
,,,,,,,,
,,,,,,,,
,,,,,,,,
,,,,,,,,
,,,,,,,,
,,,,,,,,
,,,,,,,,
,,,,,,,,
,,,,,,,,
,,,,,,,,
,,,,,,,,
,,,,,,,,
,,,,,,,,
,,,,,,,,
,,,,,,,,
,,,,,,,,
,,,,,,,,
,,,,,,,,
,,,,,,,,
,,,,,,,,
,,,,,,,,
,,,,,,,,
,,,,,,,,
,,,,,,,,
,,,,,,,,
,,,,,,,,
,,,,,,,,
,,,,,,,,
,,,,,,,,
,,,,,,,,
,,,,,,,,
,,,,,,,,
,,,,,,,,
,,,,,,,,
,,,,,,,,
,,,,,,,,
,,,,,,,,
,,,,,,,,
,,,,,,,,
,,,,,,,,
,,,,,,,,
,,,,,,,,
,,,,,,,,
,,,,,,,,
,,,,,,,,
,,,,,,,,
,,,,,,,,
,,,,,,,,
,,,,,,,,
,,,,,,,,
,,,,,,,,
,,,,,,,,
,,,,,,,,
,,,,,,,,
,,,,,,,,
,,,,,,,,
,,,,,,,,
,,,,,,,,
,,,,,,,,
,,,,,,,,
,,,,,,,,
,,,,,,,,
,,,,,,,,
,,,,,,,,
,,,,,,,,
,,,,,,,,
,,,,,,,,
,,,,,,,,
,,,,,,,,
,,,,,,,,
,,,,,,,,
,,,,,,,,
,,,,,,,,
,,,,,,,,
,,,,,,,,
,,,,,,,,
,,,,,,,,
,,,,,,,,
,,,,,,,,
,,,,,,,,
,,,,,,,,
,,,,,,,,
,,,,,,,,
,,,,,,,,
,,,,,,,,
,,,,,,,,
,,,,,,,,
,,,,,,,,
,,,,,,,,
,,,,,,,,
,,,,,,,,
,,,,,,,,
,,,,,,,,
,,,,,,,,
,,,,,,,,
,,,,,,,,
,,,,,,,,
,,,,,,,,
,,,,,,,,
,,,,,,,,
,,,,,,,,
,,,,,,,,
,,,,,,,,
,,,,,,,,
,,,,,,,,
,,,,,,,,
,,,,,,,,
,,,,,,,,
,,,,,,,,
,,,,,,,,
,,,,,,,,
,,,,,,,,
,,,,,,,,
,,,,,,,,
,,,,,,,,
,,,,,,,,
,,,,,,,,
,,,,,,,,
,,,,,,,,
,,,,,,,,
,,,,,,,,
,,,,,,,,
,,,,,,,,
,,,,,,,,
,,,,,,,,
,,,,,,,,
,,,,,,,,
,,,,,,,,
,,,,,,,,
,,,,,,,,
,,,,,,,,
,,,,,,,,
,,,,,,,,
,,,,,,,,
,,,,,,,,
,,,,,,,,
,,,,,,,,
,,,,,,,,
,,,,,,,,
,,,,,,,,
,,,,,,,,
,,,,,,,,
,,,,,,,,
,,,,,,,,
,,,,,,,,
,,,,,,,,
,,,,,,,,
,,,,,,,,
,,,,,,,,
,,,,,,,,
,,,,,,,,
,,,,,,,,
,,,,,,,,
,,,,,,,,
,,,,,,,,
,,,,,,,,
,,,,,,,,
,,,,,,,,
,,,,,,,,
,,,,,,,,
,,,,,,,,
,,,,,,,,
,,,,,,,,
,,,,,,,,
,,,,,,,,
,,,,,,,,
,,,,,,,,
,,,,,,,,
,,,,,,,,
,,,,,,,,
,,,,,,,,
,,,,,,,,
,,,,,,,,
,,,,,,,,
,,,,,,,,
,,,,,,,,
,,,,,,,,
,,,,,,,,
,,,,,,,,
,,,,,,,,
,,,,,,,,
,,,,,,,,
,,,,,,,,
,,,,,,,,
,,,,,,,,
,,,,,,,,
,,,,,,,,
,,,,,,,,
,,,,,,,,
,,,,,,,,
,,,,,,,,
,,,,,,,,
,,,,,,,,
,,,,,,,,
,,,,,,,,
,,,,,,,,
,,,,,,,,
,,,,,,,,
,,,,,,,,
,,,,,,,,
,,,,,,,,
,,,,,,,,
,,,,,,,,
,,,,,,,,
,,,,,,,,
,,,,,,,,
,,,,,,,,
,,,,,,,,
,,,,,,,,
,,,,,,,,
,,,,,,,,
,,,,,,,,
,,,,,,,,
,,,,,,,,
,,,,,,,,
,,,,,,,,
,,,,,,,,
,,,,,,,,
,,,,,,,,
,,,,,,,,
,,,,,,,,
,,,,,,,,
,,,,,,,,
,,,,,,,,
,,,,,,,,
,,,,,,,,
,,,,,,,,
,,,,,,,,
,,,,,,,,
,,,,,,,,
,,,,,,,,
,,,,,,,,
,,,,,,,,
,,,,,,,,
,,,,,,,,
,,,,,,,,
,,,,,,,,
,,,,,,,,
,,,,,,,,
,,,,,,,,
,,,,,,,,
,,,,,,,,
,,,,,,,,
,,,,,,,,
,,,,,,,,
,,,,,,,,
,,,,,,,,
,,,,,,,,
,,,,,,,,
,,,,,,,,
,,,,,,,,
,,,,,,,,
,,,,,,,,
,,,,,,,,
,,,,,,,,
,,,,,,,,
,,,,,,,,
,,,,,,,,
,,,,,,,,
,,,,,,,,
,,,,,,,,
,,,,,,,,
,,,,,,,,
,,,,,,,,
,,,,,,,,
,,,,,,,,
,,,,,,,,
,,,,,,,,
,,,,,,,,
,,,,,,,,
,,,,,,,,
,,,,,,,,
,,,,,,,,
,,,,,,,,
,,,,,,,,
,,,,,,,,
,,,,,,,,
,,,,,,,,
,,,,,,,,
,,,,,,,,
,,,,,,,,
,,,,,,,,
,,,,,,,,
,,,,,,,,
,,,,,,,,
,,,,,,,,
,,,,,,,,
,,,,,,,,
,,,,,,,,
,,,,,,,,
,,,,,,,,
,,,,,,,,
,,,,,,,,
,,,,,,,,
,,,,,,,,
,,,,,,,,
,,,,,,,,
,,,,,,,,
,,,,,,,,
,,,,,,,,
,,,,,,,,
,,,,,,,,
,,,,,,,,
,,,,,,,,
,,,,,,,,
,,,,,,,,
,,,,,,,,
,,,,,,,,
,,,,,,,,
,,,,,,,,
,,,,,,,,
,,,,,,,,
,,,,,,,,
,,,,,,,,
,,,,,,,,
,,,,,,,,
,,,,,,,,
,,,,,,,,
,,,,,,,,
,,,,,,,,
,,,,,,,,
,,,,,,,,
,,,,,,,,
,,,,,,,,
,,,,,,,,
,,,,,,,,
,,,,,,,,
,,,,,,,,
,,,,,,,,
,,,,,,,,
,,,,,,,,
,,,,,,,,
,,,,,,,,
,,,,,,,,
,,,,,,,,
,,,,,,,,
,,,,,,,,
,,,,,,,,
,,,,,,,,
,,,,,,,,
,,,,,,,,
,,,,,,,,
,,,,,,,,
,,,,,,,,
,,,,,,,,
,,,,,,,,
,,,,,,,,
,,,,,,,,
,,,,,,,,
,,,,,,,,
,,,,,,,,
,,,,,,,,
,,,,,,,,
,,,,,,,,
,,,,,,,,
,,,,,,,,
,,,,,,,,
,,,,,,,,
,,,,,,,,
,,,,,,,,
,,,,,,,,
,,,,,,,,
,,,,,,,,
,,,,,,,,
,,,,,,,,
,,,,,,,,
,,,,,,,,
,,,,,,,,
,,,,,,,,
,,,,,,,,
,,,,,,,,
,,,,,,,,
,,,,,,,,
,,,,,,,,
,,,,,,,,
,,,,,,,,
,,,,,,,,
,,,,,,,,
,,,,,,,,
,,,,,,,,
,,,,,,,,
,,,,,,,,
,,,,,,,,
,,,,,,,,
,,,,,,,,
,,,,,,,,
,,,,,,,,
,,,,,,,,
,,,,,,,,
,,,,,,,,
,,,,,,,,
,,,,,,,,
,,,,,,,,
,,,,,,,,
,,,,,,,,
,,,,,,,,
,,,,,,,,
,,,,,,,,
,,,,,,,,
,,,,,,,,
,,,,,,,,
,,,,,,,,
,,,,,,,,
,,,,,,,,
,,,,,,,,
,,,,,,,,
,,,,,,,,
,,,,,,,,
,,,,,,,,
,,,,,,,,
,,,,,,,,
,,,,,,,,
,,,,,,,,
,,,,,,,,
,,,,,,,,
,,,,,,,,
,,,,,,,,
,,,,,,,,
,,,,,,,,
,,,,,,,,
,,,,,,,,
,,,,,,,,
,,,,,,,,
,,,,,,,,
,,,,,,,,
,,,,,,,,
,,,,,,,,
,,,,,,,,
,,,,,,,,
,,,,,,,,
,,,,,,,,
,,,,,,,,
,,,,,,,,
,,,,,,,,
,,,,,,,,
,,,,,,,,
,,,,,,,,
,,,,,,,,
,,,,,,,,
,,,,,,,,
,,,,,,,,
,,,,,,,,
,,,,,,,,
,,,,,,,,
,,,,,,,,
,,,,,,,,
,,,,,,,,
,,,,,,,,
,,,,,,,,
,,,,,,,,
,,,,,,,,
,,,,,,,,
,,,,,,,,
,,,,,,,,
,,,,,,,,
,,,,,,,,
,,,,,,,,
,,,,,,,,
,,,,,,,,
,,,,,,,,
,,,,,,,,
,,,,,,,,
,,,,,,,,
,,,,,,,,
,,,,,,,,
,,,,,,,,
,,,,,,,,
,,,,,,,,
,,,,,,,,
,,,,,,,,
,,,,,,,,
,,,,,,,,
,,,,,,,,
,,,,,,,,
,,,,,,,,
,,,,,,,,
,,,,,,,,
,,,,,,,,
,,,,,,,,
,,,,,,,,
,,,,,,,,
,,,,,,,,
,,,,,,,,
,,,,,,,,
,,,,,,,,
,,,,,,,,
,,,,,,,,
,,,,,,,,
,,,,,,,,
,,,,,,,,
,,,,,,,,
,,,,,,,,
,,,,,,,,
,,,,,,,,
,,,,,,,,
,,,,,,,,
,,,,,,,,
,,,,,,,,
,,,,,,,,
,,,,,,,,
,,,,,,,,
,,,,,,,,
,,,,,,,,
,,,,,,,,
,,,,,,,,
,,,,,,,,
,,,,,,,,
,,,,,,,,
,,,,,,,,
,,,,,,,,
,,,,,,,,
,,,,,,,,
,,,,,,,,
,,,,,,,,
,,,,,,,,
,,,,,,,,
,,,,,,,,
,,,,,,,,
,,,,,,,,
,,,,,,,,
,,,,,,,,
,,,,,,,,
,,,,,,,,
,,,,,,,,
,,,,,,,,
,,,,,,,,
,,,,,,,,
,,,,,,,,
,,,,,,,,
,,,,,,,,
,,,,,,,,
,,,,,,,,
,,,,,,,,
,,,,,,,,
,,,,,,,,
,,,,,,,,
,,,,,,,,
,,,,,,,,
,,,,,,,,
,,,,,,,,
,,,,,,,,
,,,,,,,,
,,,,,,,,
,,,,,,,,
,,,,,,,,
,,,,,,,,
,,,,,,,,
,,,,,,,,
,,,,,,,,
,,,,,,,,
,,,,,,,,
,,,,,,,,
,,,,,,,,
,,,,,,,,
,,,,,,,,
,,,,,,,,
,,,,,,,,
,,,,,,,,
,,,,,,,,
,,,,,,,,
,,,,,,,,
,,,,,,,,
,,,,,,,,
,,,,,,,,
,,,,,,,,
,,,,,,,,
,,,,,,,,
,,,,,,,,
,,,,,,,,
,,,,,,,,
,,,,,,,,
,,,,,,,,
,,,,,,,,
,,,,,,,,
,,,,,,,,
,,,,,,,,
,,,,,,,,
,,,,,,,,
,,,,,,,,
,,,,,,,,
,,,,,,,,
,,,,,,,,
,,,,,,,,
,,,,,,,,
,,,,,,,,
,,,,,,,,
,,,,,,,,
,,,,,,,,
,,,,,,,,
,,,,,,,,
,,,,,,,,
,,,,,,,,
,,,,,,,,
,,,,,,,,
,,,,,,,,
,,,,,,,,
,,,,,,,,
,,,,,,,,
,,,,,,,,
,,,,,,,,
,,,,,,,,
,,,,,,,,
,,,,,,,,
,,,,,,,,
,,,,,,,,
,,,,,,,,
,,,,,,,,
,,,,,,,,
,,,,,,,,
,,,,,,,,
,,,,,,,,
,,,,,,,,
,,,,,,,,
,,,,,,,,
,,,,,,,,
,,,,,,,,
,,,,,,,,
,,,,,,,,
,,,,,,,,
,,,,,,,,
,,,,,,,,
,,,,,,,,
,,,,,,,,
,,,,,,,,
,,,,,,,,
,,,,,,,,
,,,,,,,,
,,,,,,,,
,,,,,,,,
,,,,,,,,
,,,,,,,,
,,,,,,,,
,,,,,,,,
,,,,,,,,
,,,,,,,,
,,,,,,,,
,,,,,,,,
,,,,,,,,
,,,,,,,,
,,,,,,,,
,,,,,,,,
,,,,,,,,
,,,,,,,,
,,,,,,,,
,,,,,,,,
,,,,,,,,
,,,,,,,,
,,,,,,,,
,,,,,,,,
,,,,,,,,
,,,,,,,,
,,,,,,,,
,,,,,,,,
,,,,,,,,
,,,,,,,,
,,,,,,,,
,,,,,,,,
,,,,,,,,
,,,,,,,,
,,,,,,,,
,,,,,,,,
,,,,,,,,
,,,,,,,,
,,,,,,,,
,,,,,,,,
,,,,,,,,
,,,,,,,,
,,,,,,,,
,,,,,,,,
,,,,,,,,
,,,,,,,,
,,,,,,,,
,,,,,,,,
,,,,,,,,
,,,,,,,,
,,,,,,,,
,,,,,,,,
,,,,,,,,
,,,,,,,,
,,,,,,,,
,,,,,,,,
,,,,,,,,
,,,,,,,,
,,,,,,,,
,,,,,,,,
,,,,,,,,
,,,,,,,,
,,,,,,,,
,,,,,,,,
,,,,,,,,
,,,,,,,,
,,,,,,,,
,,,,,,,,
,,,,,,,,
,,,,,,,,
,,,,,,,,
,,,,,,,,
,,,,,,,,
,,,,,,,,
,,,,,,,,
,,,,,,,,
,,,,,,,,
,,,,,,,,
,,,,,,,,
,,,,,,,,
,,,,,,,,
,,,,,,,,
,,,,,,,,
,,,,,,,,
,,,,,,,,
,,,,,,,,
,,,,,,,,
,,,,,,,,
,,,,,,,,
,,,,,,,,
,,,,,,,,
,,,,,,,,
,,,,,,,,
,,,,,,,,
,,,,,,,,
,,,,,,,,
,,,,,,,,
,,,,,,,,
,,,,,,,,
,,,,,,,,
,,,,,,,,
,,,,,,,,
,,,,,,,,
,,,,,,,,
,,,,,,,,
,,,,,,,,
,,,,,,,,
,,,,,,,,
,,,,,,,,
,,,,,,,,
,,,,,,,,
,,,,,,,,
,,,,,,,,
,,,,,,,,
,,,,,,,,
,,,,,,,,
,,,,,,,,
,,,,,,,,
,,,,,,,,
,,,,,,,,
,,,,,,,,
,,,,,,,,
,,,,,,,,
,,,,,,,,
,,,,,,,,
,,,,,,,,
,,,,,,,,
,,,,,,,,
,,,,,,,,
,,,,,,,,
,,,,,,,,
,,,,,,,,
,,,,,,,,
,,,,,,,,
,,,,,,,,
,,,,,,,,
,,,,,,,,
,,,,,,,,
,,,,,,,,
,,,,,,,,
,,,,,,,,
,,,,,,,,
,,,,,,,,
,,,,,,,,
,,,,,,,,
,,,,,,,,
,,,,,,,,
,,,,,,,,
,,,,,,,,
,,,,,,,,
,,,,,,,,
,,,,,,,,
,,,,,,,,
,,,,,,,,
,,,,,,,,
,,,,,,,,
,,,,,,,,
,,,,,,,,
,,,,,,,,
,,,,,,,,
,,,,,,,,
,,,,,,,,
,,,,,,,,
,,,,,,,,
,,,,,,,,
,,,,,,,,
,,,,,,,,
,,,,,,,,
,,,,,,,,
,,,,,,,,
,,,,,,,,
,,,,,,,,
,,,,,,,,
,,,,,,,,
,,,,,,,,
,,,,,,,,
,,,,,,,,
,,,,,,,,
,,,,,,,,
,,,,,,,,
,,,,,,,,
,,,,,,,,
,,,,,,,,
,,,,,,,,
,,,,,,,,
,,,,,,,,
,,,,,,,,
,,,,,,,,
,,,,,,,,
,,,,,,,,
,,,,,,,,
,,,,,,,,
,,,,,,,,
,,,,,,,,
,,,,,,,,
,,,,,,,,
,,,,,,,,
,,,,,,,,
,,,,,,,,
,,,,,,,,
,,,,,,,,
,,,,,,,,
,,,,,,,,
,,,,,,,,
,,,,,,,,
,,,,,,,,
,,,,,,,,
,,,,,,,,
,,,,,,,,
,,,,,,,,
,,,,,,,,
,,,,,,,,
,,,,,,,,
,,,,,,,,
,,,,,,,,
,,,,,,,,
,,,,,,,,
,,,,,,,,
,,,,,,,,
,,,,,,,,
,,,,,,,,
,,,,,,,,
,,,,,,,,
,,,,,,,,
,,,,,,,,
,,,,,,,,
,,,,,,,,
,,,,,,,,
,,,,,,,,
,,,,,,,,
,,,,,,,,
,,,,,,,,
,,,,,,,,
,,,,,,,,
,,,,,,,,
,,,,,,,,
,,,,,,,,
,,,,,,,,
,,,,,,,,
,,,,,,,,
,,,,,,,,
,,,,,,,,
,,,,,,,,
,,,,,,,,
,,,,,,,,
,,,,,,,,
,,,,,,,,
,,,,,,,,
,,,,,,,,
,,,,,,,,
,,,,,,,,
,,,,,,,,
,,,,,,,,
,,,,,,,,
,,,,,,,,
,,,,,,,,
,,,,,,,,
,,,,,,,,
,,,,,,,,
,,,,,,,,
,,,,,,,,
,,,,,,,,
,,,,,,,,
,,,,,,,,
,,,,,,,,
,,,,,,,,
,,,,,,,,
,,,,,,,,
,,,,,,,,
,,,,,,,,
,,,,,,,,
,,,,,,,,
,,,,,,,,
,,,,,,,,
,,,,,,,,
,,,,,,,,
,,,,,,,,
,,,,,,,,
,,,,,,,,
,,,,,,,,
,,,,,,,,
,,,,,,,,
,,,,,,,,
,,,,,,,,
,,,,,,,,
,,,,,,,,
,,,,,,,,
,,,,,,,,
,,,,,,,,
,,,,,,,,
,,,,,,,,
,,,,,,,,
,,,,,,,,
,,,,,,,,
,,,,,,,,
,,,,,,,,
,,,,,,,,
,,,,,,,,
,,,,,,,,
,,,,,,,,
,,,,,,,,
,,,,,,,,
,,,,,,,,
,,,,,,,,
,,,,,,,,
,,,,,,,,
,,,,,,,,
,,,,,,,,
,,,,,,,,
,,,,,,,,
,,,,,,,,
,,,,,,,,
,,,,,,,,
,,,,,,,,
,,,,,,,,
,,,,,,,,
,,,,,,,,
,,,,,,,,
,,,,,,,,
,,,,,,,,
,,,,,,,,
,,,,,,,,
,,,,,,,,
,,,,,,,,
,,,,,,,,
,,,,,,,,
,,,,,,,,
,,,,,,,,
,,,,,,,,
,,,,,,,,
,,,,,,,,
,,,,,,,,
,,,,,,,,
,,,,,,,,
,,,,,,,,
,,,,,,,,
,,,,,,,,
,,,,,,,,
,,,,,,,,
,,,,,,,,
,,,,,,,,
,,,,,,,,
,,,,,,,,
,,,,,,,,
,,,,,,,,
,,,,,,,,
,,,,,,,,
,,,,,,,,
,,,,,,,,
,,,,,,,,
,,,,,,,,
,,,,,,,,
,,,,,,,,
,,,,,,,,
,,,,,,,,
,,,,,,,,
,,,,,,,,
,,,,,,,,
,,,,,,,,
,,,,,,,,
,,,,,,,,
,,,,,,,,
,,,,,,,,
,,,,,,,,
,,,,,,,,
,,,,,,,,
,,,,,,,,
,,,,,,,,
,,,,,,,,
,,,,,,,,
,,,,,,,,
,,,,,,,,
,,,,,,,,
,,,,,,,,
,,,,,,,,
,,,,,,,,
,,,,,,,,
,,,,,,,,
,,,,,,,,
,,,,,,,,
,,,,,,,,
,,,,,,,,
,,,,,,,,
,,,,,,,,
,,,,,,,,
,,,,,,,,
,,,,,,,,
,,,,,,,,
,,,,,,,,
,,,,,,,,
,,,,,,,,
,,,,,,,,
,,,,,,,,
,,,,,,,,
,,,,,,,,
,,,,,,,,
,,,,,,,,
,,,,,,,,
,,,,,,,,
,,,,,,,,
,,,,,,,,
,,,,,,,,
,,,,,,,,
,,,,,,,,
,,,,,,,,
,,,,,,,,
,,,,,,,,
,,,,,,,,
,,,,,,,,
,,,,,,,,
,,,,,,,,
,,,,,,,,
,,,,,,,,
,,,,,,,,
,,,,,,,,
,,,,,,,,
,,,,,,,,
,,,,,,,,
,,,,,,,,
,,,,,,,,
,,,,,,,,
,,,,,,,,
,,,,,,,,
,,,,,,,,
,,,,,,,,
,,,,,,,,
,,,,,,,,
,,,,,,,,
,,,,,,,,
,,,,,,,,
,,,,,,,,
,,,,,,,,
,,,,,,,,
,,,,,,,,
,,,,,,,,
,,,,,,,,
,,,,,,,,
,,,,,,,,
,,,,,,,,
,,,,,,,,
,,,,,,,,
,,,,,,,,
,,,,,,,,
,,,,,,,,
,,,,,,,,
,,,,,,,,
,,,,,,,,
,,,,,,,,
,,,,,,,,
,,,,,,,,
,,,,,,,,
,,,,,,,,
,,,,,,,,
,,,,,,,,
,,,,,,,,
,,,,,,,,
,,,,,,,,
,,,,,,,,
,,,,,,,,
,,,,,,,,
,,,,,,,,
,,,,,,,,
,,,,,,,,
,,,,,,,,
,,,,,,,,
,,,,,,,,
,,,,,,,,
,,,,,,,,
,,,,,,,,
,,,,,,,,
,,,,,,,,
,,,,,,,,
,,,,,,,,
,,,,,,,,
,,,,,,,,
